호선,지하철역,04시-05시 승차인원,04시-05시 하차인원,05시-06시 승차인원,05시-06시 하차인원,06시-07시 승차인원,06시-07시 하차인원,07시-08시 승차인원,07시-08시 하차인원,08시-09시 승차인원,08시-09시 하차인원,09시-10시 승차인원,09시-10시 하차인원,10시-11시 승차인원,10시-11시 하차인원,11시-12시 승차인원,11시-12시 하차인원,12시-13시 승차인원,12시-13시 하차인원,13시-14시 승차인원,13시-14시 하차인원,14시-15시 승차인원,14시-15시 하차인원,15시-16시 승차인원,15시-16시 하차인원,16시-17시 승차인원,16시-17시 하차인원,17시-18시 승차인원,17시-18시 하차인원,18시-19시 승차인원,18시-19시 하차인원,19시-20시 승차인원,19시-20시 하차인원,20시-21시 승차인원,20시-21시 하차인원,21시-22시 승차인원,21시-22시 하차인원,22시-23시 승차인원,22시-23시 하차인원,23시-24시 승차인원,23시-24시 하차인원,00시-01시 승차인원,00시-01시 하차인원,01시-02시 승차인원,01시-02시 하차인원,02시-03시 승차인원,02시-03시 하차인원,03시-04시 승차인원,03시-04시 하차인원,작업일자
1호선,동대문,688,23,11493,2221,9618,6755,14951,12017,20657,20541,19909,23460,18030,26158,20354,29870,24289,29765,27555,26616,29087,25787,29949,24223,30775,23087,28476,22320,25680,22333,17817,21418,15062,14927,13799,13295,10430,12184,4866,9061,555,2415,1,221,0,0,0,0,20231103
1호선,동묘앞,208,1,3065,1120,3652,4528,7542,9281,12370,21560,11293,18828,13116,25633,18559,34461,25794,38760,34226,41942,37671,37070,40619,31786,41794,23019,37529,15903,24843,11845,10039,8575,5844,6512,4793,6467,3530,7088,1141,4288,85,1680,1,318,0,0,0,0,20231103
1호선,서울역,700,16,8826,9093,13369,60044,42194,111515,75501,226340,70759,157304,67566,85381,86329,78226,96010,87096,94744,86624,74651,76134,107152,84745,118889,86405,174479,95584,220828,95463,123025,66792,89108,48809,87580,44886,59608,29468,29305,14003,2333,2475,2,184,0,0,0,0,20231103
1호선,시청,60,1,2408,5020,4325,26689,8093,70011,11102,186809,14674,91258,17236,53117,22743,51680,25560,47710,31914,47308,41924,39671,55857,36221,68607,34333,98579,33203,158616,29295,69239,14841,62691,9941,53963,8943,32319,6830,10655,4416,323,855,0,12,0,0,0,0,20231103
1호선,신설동,388,18,9245,2315,9988,8178,21304,22493,31140,52860,22327,32651,19391,22218,21086,19811,23210,19784,25190,20747,23971,19239,25749,20947,30380,22984,39743,24958,49687,30045,20869,22603,13794,15561,12004,15576,8113,13190,3693,9543,289,2263,0,0,0,0,0,0,20231103
1호선,제기동,448,7,5314,2366,8806,9208,21955,20451,31517,35543,24463,33576,26711,39734,33942,45607,40460,48269,42746,51159,46264,47210,50348,40099,49163,34649,44044,29134,37332,27247,20420,18290,13198,11999,8806,11327,5390,9756,2210,6382,111,1229,0,0,0,0,0,0,20231103
1호선,종각,130,1,4233,5124,4511,27548,7054,102225,11198,254360,13858,147831,19303,66009,27989,64107,33993,55341,43238,54783,54667,45479,68869,40409,83437,41752,151197,45387,214230,46895,97468,23747,83237,12418,83171,9386,59103,6636,25846,4469,773,728,0,1,0,0,0,0,20231103
1호선,종로3가,194,3,4315,2918,4333,12912,6246,25968,10669,66949,14904,64501,22725,58663,32185,70364,43916,71423,51135,66401,61616,58626,72867,49596,81193,45783,90527,43392,101823,42314,62891,22416,51317,12692,51704,10795,40298,8197,17819,5315,1243,2017,2,17,0,0,0,0,20231103
1호선,종로5가,76,3,2202,3983,3570,16568,6453,42052,10524,95289,15792,66554,25563,64932,39076,69814,50146,66586,57985,61462,65390,56988,70718,48714,74536,43694,92751,39199,101632,34386,53019,19660,37122,10975,32237,8013,20377,6134,6011,3403,274,1030,0,3,0,0,0,0,20231103
1호선,청량리(서울시립대입구),1242,43,11695,3199,17160,15007,44530,19266,54392,37368,36835,36558,33752,39844,37826,45393,43142,48132,45961,50952,47743,49353,53809,48436,58114,46199,53088,46985,44481,52759,24940,35439,19957,22799,15260,20961,9399,17228,3792,11137,182,3587,1,1,0,0,0,0,20231103
2호선,강남,146,6,8517,10191,17922,52617,38064,140707,60870,280081,52457,290545,52874,146236,67601,101861,84409,99609,97907,111190,108519,102234,132494,96454,159644,105569,235344,131422,298545,167464,198756,102899,156038,57873,171740,46808,151218,37996,69427,22842,11249,5941,12,223,0,0,0,0,20231103
2호선,강변(동서울터미널),25,5,9106,2338,27634,25868,75208,27431,112407,43739,83962,37085,66726,37294,58851,36289,57531,40892,54067,44721,47859,49746,50083,59080,52916,65768,58015,81043,60754,108425,46913,76514,39679,53542,33172,45316,21736,40483,8799,21962,794,4860,2,169,0,0,0,0,20231103
2호선,건대입구,368,7,16292,1948,22236,15534,53085,24512,91708,60057,63296,50919,41487,44175,40552,48211,46552,55312,51758,62236,54038,59830,58496,66142,66594,79713,77171,105863,89031,151751,68031,103415,70950,67370,74772,61963,72390,55095,43605,33917,6570,10389,4,743,0,0,0,0,20231103
2호선,교대(법원.검찰청),19,0,2512,6523,11087,26002,24610,56364,35354,146702,28418,132781,27488,65656,31611,56817,34163,51809,40188,55770,49064,50291,51361,46882,56249,49259,93942,62342,125025,69009,60529,41607,51135,26212,51478,22863,39564,21314,15280,11823,2984,2941,1,39,0,0,0,0,20231103
2호선,구로디지털단지,465,23,39446,5363,52903,19549,137534,77729,179261,205675,114579,134302,73411,60010,65500,45395,70115,49299,69972,60299,63755,59192,68174,68050,81328,83322,130182,110770,193444,160915,98153,132764,62665,89109,50940,87537,39422,81120,18475,48623,3076,12987,11,474,0,0,0,0,20231103
2호선,구의(광진구청),58,2,13629,1556,26470,21710,66817,16713,110907,38741,72540,23647,39447,20848,33744,21098,34577,23275,33641,26849,30327,29152,30969,37204,40135,43458,40842,58803,44678,94071,24224,66902,18950,45707,16813,43583,15419,39653,8131,24008,1193,6427,2,278,0,0,0,0,20231103
2호선,낙성대,32,0,11689,2251,27067,10663,81243,20552,122473,41271,79044,35661,46044,31148,39672,27272,43054,29271,43208,31443,38366,33165,40286,38561,42564,45926,47117,63362,51247,97589,29607,85942,23791,57314,21639,52767,16764,52203,8703,32662,1302,8195,3,215,0,0,0,0,20231103
2호선,당산,31,5,7015,3240,16588,12770,43392,27259,54683,72770,35997,34497,26220,19073,24700,17482,25761,20903,24922,23343,22820,24201,24285,28368,29149,35749,41951,50545,56514,73734,26583,50334,22658,34354,21253,33005,17778,28656,8581,19217,1213,4806,4,229,0,0,0,0,20231103
2호선,대림(구로구청),693,37,34649,3434,28894,10331,65284,21631,91445,50972,62532,36325,41973,34447,36415,36289,37814,35265,37402,35859,34900,35267,37305,43525,40122,53399,44960,62484,51970,68730,26982,52495,19969,41328,15170,49144,10906,43380,5343,21942,719,5445,2,297,0,0,0,0,20231103
2호선,도림천,3,0,429,349,1101,803,3151,3210,3434,5285,2131,2127,1697,1576,1870,1500,2280,1672,1628,1621,2160,2003,2340,1801,2584,2164,2747,2421,3490,3158,1514,2521,1031,1713,823,1511,550,1227,231,861,53,222,0,4,0,0,0,0,20231103
2호선,동대문역사문화공원,252,8,4962,1324,4315,8972,7558,21414,13082,47667,15352,32796,17061,33124,19592,30929,21351,31454,24305,31715,27740,31221,34461,29623,41241,28818,46064,30246,47740,35491,32531,33631,25323,25481,23548,21796,21774,17703,11297,11149,2153,3264,4,113,0,0,0,0,20231103
2호선,뚝섬,10,1,3361,2455,8056,16049,18069,38853,25844,130700,17396,89889,15213,43787,17884,37347,22435,39306,26955,40447,31929,38652,41849,39201,54302,38449,83656,41659,134147,50400,68570,28143,47828,15447,43109,13320,28012,11749,11380,7361,1454,2327,0,58,0,0,0,0,20231103
2호선,문래,20,0,4277,2279,13840,10542,42758,34472,49203,120494,28401,59365,21438,25958,21748,23335,25703,25016,25824,27184,25460,25085,28680,27020,34927,32197,57694,41050,101725,58355,39016,41329,27213,23438,28794,20620,21713,17814,10719,10617,1367,3186,5,114,0,0,0,0,20231103
2호선,방배,3,0,2667,2756,9276,11825,22785,26885,31284,71532,26364,53832,20491,32208,21979,27577,24244,28833,27329,27515,29825,26391,33479,25332,39940,25785,48877,32943,61476,36953,28810,26147,23184,17516,22510,16287,18104,15136,7398,9067,1452,2316,3,18,0,0,0,0,20231103
2호선,봉천,76,2,15977,1844,29041,7433,81020,12579,116194,26090,73880,21129,44414,19335,35059,21982,37415,23601,37200,26190,31409,28995,30172,37588,33554,43180,31263,57658,31996,84800,19163,73384,16019,47119,13742,42703,10334,39645,4918,23998,740,7300,4,432,0,0,0,0,20231103
2호선,사당,108,6,12214,4238,27306,40249,73033,51603,98693,71119,76900,53176,50898,46139,47829,56248,53072,57288,56320,54486,61320,54829,64031,64961,67865,86425,80523,124301,97094,166104,70814,117062,67556,72439,70485,67451,64017,63503,36211,39599,5329,10383,9,578,0,0,0,0,20231103
2호선,삼성(무역센터),134,1,4276,5064,7102,42761,14423,135635,19668,323277,21485,243543,25823,114781,38255,84317,49892,75957,65471,81890,78787,73035,99008,59722,127428,57952,216471,61866,290373,57909,146942,32529,117354,18864,93930,15730,57928,11387,16260,6483,2224,4307,1,819,0,0,0,0,20231103
2호선,상왕십리,60,1,5858,852,13593,5824,39760,12667,64254,29851,36693,18525,24349,13957,21378,13098,22948,14979,21183,16469,19246,18248,20500,21675,21814,26267,25406,35629,26088,53819,18543,36500,12119,24279,10592,22676,7306,20887,3135,13192,403,3682,0,44,0,0,0,0,20231103
2호선,서울대입구(관악구청),4666,19,27767,2739,43879,14357,123368,28433,165376,69635,115704,64100,70600,56693,63054,47302,69165,51184,72492,56715,65267,56683,68874,66775,74921,79463,83306,106986,90654,165069,53489,138940,46239,87397,46196,82919,41090,78729,22397,48668,3383,18596,0,2603,0,0,0,0,20231103
2호선,서초,9,1,2248,4283,13539,21443,21324,53127,29329,108479,29849,90841,22530,44127,29971,36212,27452,26295,35507,26618,35090,25441,40942,21203,47370,22776,71237,25911,91274,25897,44549,18551,31244,11884,31032,10871,17445,10401,6239,5497,839,1311,1,23,0,0,0,0,20231103
2호선,선릉,210,6,4700,6217,11583,42946,21651,112613,34253,257997,34073,211560,38256,103755,47437,65682,57389,60911,67252,68374,76060,55508,96565,49703,121533,48685,193613,55771,276435,57757,139966,36220,87755,22803,83235,20459,68351,17715,24786,10597,3480,4182,3,250,0,0,0,0,20231103
2호선,성수,65,1,5641,3640,9579,32728,22419,68198,30236,237831,24175,148595,22740,82899,27474,70872,35255,73790,43810,78796,53338,76623,66910,74442,85791,72617,135823,73935,238760,77386,118135,44280,87608,22914,74060,18129,51571,15206,21445,12315,2805,6056,5,733,0,0,0,0,20231103
2호선,시청,59,0,865,1980,2512,18527,5365,65557,8852,202967,12965,86920,18609,34530,23966,31816,24346,30438,30104,32635,36593,28675,45517,26348,55918,25163,104000,25910,161621,25064,62971,13132,49789,8418,44540,8103,25923,7308,10510,4814,1215,1367,0,60,0,0,0,0,20231103
2호선,신답,13,0,1166,201,1740,588,5982,922,10989,1736,4601,1089,2689,1170,2274,1309,2160,1499,2228,1733,1913,1906,1809,2747,2151,3682,2163,4736,2138,9644,1029,6443,625,3454,486,3583,489,2772,144,1835,24,418,0,0,0,0,0,0,20231103
2호선,신당,30,0,6350,1261,11593,8796,28170,15947,47676,30794,29084,22641,20624,18932,19690,20712,23228,22222,23377,23777,23196,23864,24579,26753,28233,30674,31753,39570,32991,54421,23168,36154,18213,23787,16566,20874,14888,19079,7837,11573,1215,3379,1,49,0,0,0,0,20231103
2호선,신대방,265,1,25193,2157,34405,9841,88149,15396,128937,24905,83193,19311,48915,19250,38964,20017,39857,22935,37686,27070,32487,30737,32546,40841,33689,48668,34590,64720,33453,91773,20559,83144,15996,58010,12687,61759,10347,53714,5005,31365,865,8230,2,404,0,0,0,0,20231103
2호선,신도림,4127,10,36181,5055,52497,21141,133937,43626,141702,104586,91809,69093,65517,65681,63568,63730,72465,66110,74269,71548,74039,67494,80317,78645,86660,91319,101175,118631,120653,166487,72733,122239,61636,76661,61342,70434,42112,66539,20971,50883,2354,20664,11,2017,0,1,0,0,20231103
2호선,신림,291,13,37977,4178,67419,17248,179716,26374,256513,43109,160277,42793,94586,40348,78533,45000,83196,48575,77556,56636,70778,61865,68062,78129,73905,97569,76107,131833,76567,207665,51500,186898,42932,123446,39051,119020,33245,106826,20045,70216,3691,19240,13,951,0,0,0,0,20231103
2호선,신설동,52,0,1256,293,1470,1740,4475,4546,8422,12382,5415,8688,4960,7897,6013,7513,7532,7453,8047,8111,8646,6748,9408,6056,10013,5299,11756,5904,11793,7332,4388,5125,2831,3815,2551,3486,1856,3227,652,2167,101,630,1,133,0,0,0,0,20231103
2호선,신정네거리,41,1,9305,1074,17904,2937,48481,4677,44785,11508,25606,8495,18693,7527,17091,8925,17137,10464,15409,12164,12960,13658,12296,18045,13484,23856,12843,30911,11885,48170,7190,35695,5466,21020,4547,18993,3548,16583,1553,10547,237,2640,2,186,0,0,0,0,20231103
2호선,신촌,77,6,8016,3240,14787,15607,37589,37452,54400,85815,41191,98371,40997,74381,48227,65853,59540,69910,64549,76729,66946,66455,75255,63691,90312,67786,103582,87072,100237,114734,70813,78105,73643,47684,76616,44382,73562,37688,35215,24769,5674,6404,2,293,0,0,0,0,20231103
2호선,아현,28,2,5276,714,10857,4923,29970,12187,41001,21403,24713,13165,19047,12159,17252,10950,18443,12868,17303,13804,15895,14629,17644,16938,22756,19618,20909,24742,20433,34154,13080,25060,9540,17158,7734,16613,5968,14824,2386,9217,406,2317,1,71,0,0,0,0,20231103
2호선,양천구청,21,2,4926,994,11739,2525,32698,4831,29357,9405,18679,5149,13231,4705,11759,5337,11793,6781,10781,8266,7996,9264,7704,12037,9090,14848,8976,20779,8635,29580,3965,24938,2983,14663,2572,13173,2428,10963,781,8117,137,2233,1,63,0,0,0,0,20231103
2호선,역삼,66,1,3653,6285,9191,40347,15905,140118,26347,338952,24473,281603,25236,124400,33584,64160,40592,57981,47630,62060,56761,50693,74752,43908,96552,43741,207852,50913,261089,57423,141970,36093,83960,23078,75602,20184,49472,16664,19374,10252,3056,2934,0,108,0,0,0,0,20231103
2호선,영등포구청,36,4,5784,4189,12345,15202,37987,36514,47087,112438,30194,48110,23578,26424,24458,24348,26753,25155,27597,28073,28810,26012,30628,27439,37080,30902,54301,38861,94844,54432,35340,37166,26236,22760,24202,20985,17873,18384,8457,12615,1279,4207,8,194,0,0,0,0,20231103
2호선,왕십리(성동구청),841,3,6605,1193,9716,8283,24629,13145,42619,26979,28503,18731,19790,15590,20078,16263,22752,18233,23235,19749,22985,20003,26440,21712,32747,25928,33962,35222,34736,53727,23888,33305,22649,22114,24642,19629,24352,18601,14144,12650,2468,4535,6,85,0,0,0,0,20231103
2호선,용답,3,0,2393,456,3291,1033,8183,1721,13226,3935,7718,4839,5370,3599,4686,3057,5141,3399,5348,4106,4707,3933,4706,4710,5686,6334,5448,7271,4217,10945,2714,7472,2005,5164,1489,6223,1337,5619,527,3521,95,895,0,2,0,0,0,0,20231103
2호선,용두(동대문구청),41,0,1208,119,1964,972,5433,2660,8972,5103,5080,3572,3984,3439,3983,3558,4350,3365,4449,4359,4299,4344,4492,4724,5266,4416,5005,5021,5248,8285,2678,5532,1663,3345,1390,3287,827,2389,294,1593,64,458,0,3,0,0,0,0,20231103
2호선,을지로3가,25,0,1300,1836,2777,18127,6498,66444,13174,166898,18451,70688,22440,34306,23312,28198,25703,25961,28588,29250,32537,26243,35964,25967,45355,29376,87519,34351,133163,40241,57756,25253,43139,16263,43703,14536,37897,12163,22488,7579,3372,1829,1,55,0,0,0,0,20231103
2호선,을지로4가,11,0,973,1307,2253,13265,5556,33541,11420,75187,13271,39055,15717,26157,18108,25422,19762,24114,22440,23316,25055,21838,28361,19728,34828,18994,58807,18222,66219,18966,28916,12075,17781,9200,14787,8911,9952,8478,4873,5352,1013,1422,1,28,0,0,0,0,20231103
2호선,을지로입구,47,4,2594,2807,4851,27442,11278,122596,19494,321696,27530,157638,33487,85766,41854,72260,47348,66030,58323,65482,66812,58970,81224,58377,96045,61880,167092,68738,269521,68887,130148,42764,124740,29534,79668,25851,64644,20768,26965,12216,3297,4630,3,656,0,0,0,0,20231103
2호선,이대,43,0,3833,889,9202,6553,28114,15274,37095,42151,24216,49868,20142,40158,22403,29627,29608,31527,29540,34588,28528,27012,36423,28638,38172,29051,48474,36378,41344,47449,25999,33483,22287,23802,23063,23522,18133,23429,7046,16415,861,4118,1,113,0,0,0,0,20231103
2호선,잠실(송파구청),140,8,13365,5001,48170,39948,116139,83888,158707,179032,119243,174688,84977,124427,85763,126666,96121,122961,107164,126675,116076,126483,137567,137303,162284,154636,198250,188352,241674,233728,175552,153589,178360,101391,159972,93625,101625,83993,31611,44648,3928,8907,5,190,0,0,0,0,20231103
2호선,잠실나루,27,0,3448,2977,12540,15001,38801,22585,47273,40105,32142,26475,26435,19902,25748,17865,24750,21315,23238,22902,23462,20843,26164,21976,35075,23820,37557,30007,31119,40289,15655,30155,11685,19334,8768,17767,6224,17352,2709,9344,362,2695,0,80,0,0,0,0,20231103
2호선,잠실새내,44,2,5710,988,17830,8984,57858,16576,79723,28690,53059,31846,36498,24345,34481,27465,36078,32336,35193,35492,30930,37524,34464,42366,37146,51305,40256,65679,43231,86502,32392,60395,28541,37147,27047,33485,26541,30518,15362,16599,2215,4537,0,122,0,1,0,0,20231103
2호선,종합운동장,7,0,1498,911,6364,12387,16590,23287,23023,31780,17102,15004,12442,13217,11352,13386,13881,28526,14399,48496,12593,20232,15435,20965,32069,32533,49036,42079,28474,48837,20874,21484,26025,12061,43650,11292,17442,10159,3031,5852,293,1700,1,70,0,0,0,0,20231103
2호선,충정로(경기대입구),44,1,3166,1016,6148,6888,16281,22420,22059,59124,15216,27428,11706,13384,12242,11558,13729,12034,13989,13601,13775,12488,14490,13005,18512,14240,30206,17080,46580,22201,15755,15200,10574,10580,9698,10530,6762,9676,2967,6298,557,1755,2,77,0,0,0,0,20231103
2호선,한양대,7,0,1217,480,2535,6542,5473,12742,8626,64538,6796,55429,8628,48360,13045,18890,17940,33401,21289,27692,24469,21239,29839,13641,39593,11943,48766,15062,39839,19106,19883,10234,17534,6713,20129,6323,13156,5863,8080,4334,1495,1237,0,18,0,0,0,0,20231103
2호선,합정,106,13,10808,3116,18728,13743,42274,31339,51636,91652,37682,85433,29159,53967,31710,51610,37530,55912,41102,62478,45016,57567,49602,59121,58954,67363,78568,88006,113897,113663,80317,81097,66945,45367,73338,37785,66989,32545,35428,23855,5430,7657,12,374,0,0,0,0,20231103
2호선,홍대입구,1246,18,29857,3690,33953,17913,62684,40966,80925,107096,64763,137070,60779,109534,64550,128322,74729,151033,89011,165776,100757,159121,123987,159900,151467,171813,177720,196245,205885,238049,167695,176064,163128,111330,184985,92342,182075,74517,93081,51708,11233,17584,6,1553,0,0,0,0,20231103
3호선,가락시장,66,5,3050,621,7153,5865,21636,12111,22559,25185,16819,14325,15274,10987,14179,11682,14437,12683,14693,13299,14838,13590,15738,15831,16614,17055,20981,21033,26294,25791,12230,18609,9398,12385,7820,10655,5762,9726,2159,5484,284,1718,1,17,0,0,0,0,20231103
3호선,경복궁(정부서울청사),71,1,2300,1448,6109,14319,14053,41373,20528,131997,21236,106432,21119,87503,28633,76881,39259,68792,49404,68807,62815,58648,78917,49167,91370,43551,106628,42829,124340,44727,57385,27676,52285,14175,47849,11057,27699,10018,10511,5614,985,1392,0,41,0,0,0,0,20231103
3호선,경찰병원,20,2,2756,315,7756,3509,22259,8799,26032,26421,16072,14567,11884,8168,10917,6508,10130,8018,9831,9417,9758,8660,10765,9088,10083,10745,14868,15296,19179,21742,6933,17784,6002,10675,4630,9294,3096,8633,1015,5210,123,1327,0,0,0,0,0,0,20231103
3호선,고속터미널,160,2,5713,4133,7542,35263,27473,49812,47582,76983,55325,94216,59458,95480,71589,103789,84341,100821,93520,100041,106677,106315,121759,110622,132135,108711,145085,114569,143285,114887,124615,71202,141481,45718,91028,36851,56231,25251,21089,12107,1603,1839,0,1,0,0,0,0,20231103
3호선,교대(법원.검찰청),85,0,1558,578,4632,6734,10298,21524,14693,47742,13697,37337,15294,18240,18543,12452,20958,11725,25231,12775,29730,11067,30785,10817,33259,11909,51179,16677,67777,20090,32426,11149,29199,6566,28680,5524,24000,4862,8330,2888,1273,720,0,1,0,0,0,0,20231103
3호선,구파발,127,4,12272,1451,32959,10661,83033,22909,80994,33353,48594,33785,34356,32374,33351,27957,34181,28671,32020,30349,33635,31629,37445,32300,42670,38505,42566,48786,33022,73321,21167,63260,17252,36619,14208,32833,11151,28925,3183,20360,519,7651,1,448,1,0,0,0,20231103
3호선,금호,55,10,4668,475,10386,2717,26346,4696,37429,8818,23974,6955,16024,6518,13835,7154,13216,8165,12552,10385,11129,11197,10739,14158,11290,16933,12097,21932,12024,30308,7998,21642,5853,14738,4579,13459,3351,12261,1523,6420,231,1667,0,0,0,0,0,0,20231103
3호선,남부터미널(예술의전당),29,1,3320,1421,9385,27069,29076,62691,44511,145769,39514,81914,36122,48037,39620,37930,41359,39118,45082,46184,44845,43503,49161,44775,63214,49542,100390,56627,125106,62797,59411,41501,46511,26174,43163,19401,29378,15416,9885,9113,761,2274,1,1,0,0,0,0,20231103
3호선,녹번,65,0,9812,656,25051,3473,71696,7963,77441,17079,45930,11811,30172,10195,25072,10984,24683,13023,21886,14918,19378,16698,18163,21793,18857,29227,19125,37344,20465,62514,10351,51695,7477,31717,6117,28882,4391,24810,1557,14894,228,4025,0,1,0,0,0,0,20231103
3호선,대청,89,1,3927,1087,11353,7311,30149,18604,36628,26545,21655,13340,17012,9615,15280,9023,14895,10652,15480,11950,14694,12541,17743,15162,21887,17330,24823,22679,24726,31697,12193,23681,9303,16181,8030,15178,5254,15652,1757,8557,207,2639,0,9,0,0,0,0,20231103
3호선,대치,24,1,3129,725,12781,7865,27196,18836,28319,29594,18249,19277,15737,14958,14593,13728,17202,17081,17997,22300,16709,18948,19012,21209,20759,28060,31405,34499,28143,33832,18007,23576,14705,14106,19838,13068,35495,11269,3422,6872,376,1819,0,1,0,0,0,0,20231103
3호선,도곡,45,12,886,348,2739,5821,9051,12855,11224,18695,7803,14799,6404,7570,6364,7514,6760,6965,7146,7318,7489,7021,9167,7424,12901,7622,14985,8854,16277,10176,8444,7802,5946,4829,5413,4455,3939,4010,1019,2251,150,1550,2,226,0,0,0,0,20231103
3호선,독립문,240,4,5179,878,6042,6089,15031,14724,18906,21264,15825,20036,13890,21039,13908,14853,15861,14633,15915,14721,16567,14274,19692,14035,19236,15062,18473,15836,17199,16931,8192,14033,6197,9217,4952,7910,3475,6947,1177,4429,128,2144,1,530,0,0,0,0,20231103
3호선,동대입구,38,2,1848,1139,3005,10072,5741,16395,8066,56836,7962,43141,8548,40166,11306,30854,14044,23452,18597,27150,22114,19095,25111,17536,32025,18472,40035,22123,43038,24697,22141,11232,30808,6818,22290,6259,16031,4606,4718,2890,512,931,0,53,0,0,0,0,20231103
3호선,매봉,13,1,1838,730,6699,8696,17260,23760,21406,73664,15556,31836,14098,16595,13999,14260,14134,13466,15426,13454,16982,12869,19368,13661,22838,15250,37489,19574,60765,23293,20027,15874,15167,10004,15920,8741,9644,8363,3036,4395,363,1319,0,51,0,0,0,0,20231103
3호선,무악재,22,0,2193,134,5646,1511,16814,3099,19661,5983,12567,4028,9150,4017,7331,4228,7237,4774,6596,5313,6114,6060,5518,7633,5966,9419,6735,11625,7010,16984,3465,14435,2495,9115,1995,8217,1393,7168,602,4964,96,1123,0,0,0,0,0,0,20231103
3호선,불광,70,2,9944,1499,19923,6071,50625,11491,62368,33058,38401,31840,28783,27060,26227,25729,27858,27860,27913,30297,28086,29648,30068,32083,32593,36883,30878,42396,30938,61610,17248,48186,13453,29725,11325,26292,8072,22930,3496,13161,453,4602,0,0,0,0,0,0,20231103
3호선,수서,160,2,4808,2481,12475,17459,37652,35538,45626,54473,32229,37153,38591,26339,27188,22546,36570,27666,32260,24372,24594,25097,36290,30450,40219,33624,48073,40802,51911,53374,24419,39114,24719,28322,16066,26427,15696,23001,7518,8937,605,3041,0,213,0,0,0,0,20231103
3호선,신사,65,4,3760,1564,6905,19620,11817,41499,17562,95819,16646,125202,20158,67172,24974,49355,30056,45107,34711,50995,42145,47613,50498,43562,62442,46846,88456,54573,120927,63606,85687,35098,59641,19301,60282,15188,48950,12235,21914,8622,2987,3028,0,7,0,0,0,0,20231103
3호선,안국,10,0,1929,1910,2745,22357,6521,88305,11020,122874,14586,92087,17910,76870,25145,80058,35815,69507,43551,65463,57838,60361,78389,50112,102427,41999,135043,36897,133884,30677,62449,14404,49433,7787,41098,6860,21898,5774,6799,3259,684,1002,0,0,0,0,0,0,20231103
3호선,압구정,87,3,3010,2255,7851,24800,16453,50397,24671,138103,21776,146717,27244,81631,32809,64264,39695,52699,44276,57342,53208,51934,61860,50296,73510,50856,96591,58798,132869,59953,90629,33785,71735,17616,53277,14259,38851,12118,11480,6262,1543,2371,1,184,0,0,0,0,20231103
3호선,약수,131,5,6773,1066,10929,6419,26278,15064,36590,32045,28181,21517,20482,16057,19489,15813,21195,15798,21646,17216,20489,18827,20973,20992,23446,25186,27018,30693,31394,41242,19139,28288,15357,18927,15243,16797,11418,15150,5122,8670,708,3394,2,433,0,0,0,0,20231103
3호선,양재(서초구청),48,1,5219,2726,14018,41382,34012,101643,44416,217468,33793,116693,30574,58130,33611,47260,39157,43123,42957,48175,48161,43018,56506,42649,72194,48046,123457,64849,179497,76033,83244,51504,63842,33329,57328,29698,37972,26274,12234,14065,1240,3854,0,41,0,0,0,0,20231103
3호선,연신내,202,7,27209,1939,48119,13438,117505,23261,137297,35399,85092,37697,60145,36053,56486,37868,63620,40143,57013,43421,53108,47336,54960,57308,62845,68269,55085,87150,48850,125770,34038,108427,26915,64852,23294,59708,18746,52640,8980,33153,1235,10541,2,11,0,0,0,0,20231103
3호선,오금,37,0,4437,8,8935,2661,28503,5903,30609,12330,16666,6543,10258,5401,9168,4842,9160,6007,8502,6485,7499,6826,7326,9069,9025,10743,10597,14746,11381,21891,4758,15436,3680,10593,2997,9437,2526,10876,753,5686,98,2316,0,1,0,0,0,0,20231103
3호선,옥수,236,10,3217,936,9401,4756,22771,7719,31013,13286,22916,10695,16368,8947,15009,10807,14673,11335,14606,13168,14837,14643,14295,17383,16340,19796,17720,25750,17653,33108,11612,24805,9430,17220,8134,15124,5623,13985,2491,7158,391,1697,0,0,0,0,0,0,20231103
3호선,을지로3가,15,0,676,1131,1503,8543,4125,32529,7191,75699,10424,31565,11446,16890,11093,14725,11631,13747,13277,14703,16000,13832,17606,14078,21175,15376,41353,19057,65406,22028,27423,13321,19841,7959,19150,6143,15505,4234,8962,2680,1119,671,0,8,0,0,0,0,20231103
3호선,일원,9,1,2340,1611,8777,10788,24456,32215,25040,25751,18536,20931,19577,18568,18863,13573,19404,16196,17076,17423,18651,16842,24036,15683,31960,14852,36035,16942,19145,22929,11304,17854,7083,11875,4863,11148,3875,11286,1490,4881,88,1536,0,29,0,0,0,0,20231103
3호선,잠원,1,1,1205,865,4793,7519,13212,7443,17766,9761,12136,6823,9208,4868,8951,5284,8831,5554,8340,6876,7252,7702,8750,8364,11163,9103,12012,12084,9450,14536,5233,10530,4054,6853,3861,6593,2668,7517,878,3562,117,1035,0,0,0,0,0,0,20231103
3호선,종로3가,24,0,946,927,1412,6192,2099,15559,3536,43936,5595,42943,8267,35117,10497,30207,12201,27712,14360,26555,17610,24808,21356,22948,25788,22069,36917,21909,53837,21657,30618,12874,20070,7867,21287,6251,17973,4770,8479,2866,834,1005,0,10,0,0,0,0,20231103
3호선,지축,5,0,3302,921,10852,6020,29569,5385,29798,10017,16505,6716,11654,5826,10142,5936,10741,7404,10040,8019,9014,8421,10491,10958,12351,13704,11979,18766,10092,27597,6372,22399,5144,14736,4117,13038,3593,11048,1400,6148,210,997,0,0,0,0,0,0,20231103
3호선,충무로,0,0,0,0,0,0,0,0,0,0,0,0,2,0,3,0,0,0,1,0,2,0,5,0,6,0,4,0,11,0,5,0,5,0,3,0,1,0,4,0,1,0,0,0,0,0,0,0,20231103
3호선,학여울,1,0,623,214,1866,1683,4360,3676,5052,8444,3468,5696,3062,4686,3349,3955,3691,4007,4125,4696,4583,4618,5440,4037,6440,4000,7556,4459,7962,4801,2830,3490,2003,2562,1679,2152,1091,1692,272,1120,46,375,0,0,0,0,0,0,20231103
3호선,홍제,139,5,10758,1403,24608,7248,65776,11331,70891,25609,47057,23045,34068,21412,31433,20132,34237,21539,30926,23665,28485,26577,29833,31306,31561,37474,30530,46316,28873,65322,16219,52259,12230,32517,10117,28805,7231,25891,2763,15650,369,3460,0,0,0,0,0,0,20231103
4호선,길음,25,2,10691,2145,33712,8541,85572,15041,83858,34188,52652,27445,36771,24477,32878,26957,34596,25914,33658,30365,30336,31536,32927,33784,37893,42295,39143,56273,35992,78494,19532,63622,15769,40363,12163,37185,12239,36002,4418,20596,540,5258,0,0,0,0,0,0,20231103
4호선,남태령,23,0,635,48,1026,1356,2439,3614,4043,4990,3097,2011,2480,1378,2672,1155,2420,1498,2121,1428,2226,1459,2380,1562,3470,1715,4923,1842,3877,2075,1619,1737,1012,1548,673,1340,429,998,170,562,14,142,0,0,0,0,0,0,20231103
4호선,노원,254,6,12679,795,23875,8274,50678,13950,55948,32878,34974,33170,28324,25402,27714,25829,32416,30388,30118,34697,29808,33495,31406,38282,34675,45863,35438,60093,34620,85329,25404,66088,26409,39594,23963,34813,21965,29538,10312,19700,1820,6440,3,614,0,0,0,0,20231103
4호선,당고개,112,0,9107,56,17409,5096,43419,6334,37471,10471,24239,10550,18268,10006,16177,10282,16173,10566,15755,11844,14184,12006,13492,14395,15614,17601,14204,20336,12871,28112,8279,26160,5605,17185,4641,16097,2863,14589,1387,10078,228,3200,0,366,1,0,0,0,20231103
4호선,동대문,252,4,4371,2432,3303,14433,5157,33703,8145,67293,13207,66017,19628,61719,27113,56545,34492,51350,40851,47722,50206,44671,59789,37974,70218,28448,86427,23457,64430,21032,37089,22436,27717,16373,26741,11443,20375,8238,9072,6361,1208,1288,0,99,0,0,0,0,20231103
4호선,동대문역사문화공원(DDP),334,5,6265,1491,5169,13287,8997,28196,14301,62346,18453,38952,19953,32166,21209,30046,23545,28462,26479,29527,32316,28526,39879,26732,47373,25523,63852,27279,78271,28675,45915,30288,37258,21312,33274,18283,27351,14875,14922,9772,2537,2761,4,105,0,0,0,0,20231103
4호선,동작(현충원),9,0,213,365,677,2133,2097,2952,2739,5377,2324,4221,2011,3177,2482,2617,2442,2575,2239,3458,2733,3589,3841,3648,4351,3674,5458,4485,5698,5741,3252,4563,6022,2947,4103,1355,2118,977,665,705,84,358,0,68,0,0,0,0,20231103
4호선,명동,23,3,1611,1130,4558,20279,8876,53695,18162,119781,32543,94373,37627,71465,42292,73173,44565,77667,50494,77134,59238,71356,75096,73120,88188,75082,106102,76499,138150,73359,84890,56280,79573,40634,75276,31342,63463,19316,24633,10797,1599,3000,0,133,0,0,0,0,20231103
4호선,미아(서울사이버대학),23,1,11929,1878,21117,8416,45778,17078,51645,37555,35396,21448,27267,17139,25501,20775,27572,18427,25957,19933,24705,21957,25168,26141,29176,29971,30813,36074,29334,47549,17748,38208,12077,24715,9919,22661,8264,19503,3061,13530,386,3179,37,0,0,0,0,0,20231103
4호선,미아사거리,69,3,16529,2764,37605,8831,90196,20190,93732,32938,62755,31509,45965,29221,43330,30930,44601,32941,44016,35837,41190,39847,44146,48662,48703,59558,43160,71709,42320,100103,30886,77529,29446,48586,17862,43296,12911,38529,6007,21364,808,4665,0,37,0,0,0,0,20231103
4호선,사당,252,73,10948,1450,26085,20891,67594,27142,82854,37763,65263,29271,45024,25746,40516,33027,42460,34806,41807,31155,40812,31012,40367,36506,41938,49413,48822,68502,51879,93543,36387,61896,34483,39026,34929,35736,31197,32447,15832,21776,1684,5999,7,572,0,0,0,0,20231103
4호선,삼각지,4,1,682,358,2093,5473,6841,12717,10659,19352,6360,11488,5676,10026,6285,10985,7344,12030,8418,12684,9017,11325,9686,12135,11692,14513,16617,17568,23294,23428,12473,14481,11149,8273,13906,6411,12343,5543,6971,3854,653,1298,2,4,0,0,0,0,20231103
4호선,상계,39,8,15326,303,37790,7275,87209,18364,74610,22046,46718,17736,34727,16820,31021,17671,32302,21862,30246,22449,26414,24144,26081,29412,28436,37368,27256,48932,24725,68478,16237,61611,12730,37652,11345,33663,11858,30445,3674,20520,534,5119,5,462,0,0,0,0,20231103
4호선,서울역,241,5,4562,917,6302,19770,12291,39966,16204,84443,15096,58967,14004,32038,15569,30920,16972,34743,16650,34380,16717,32209,18433,36119,24265,38720,46403,43709,59308,42616,25183,32140,16574,24317,14064,23473,10121,18018,4721,9212,523,2772,0,199,0,0,0,0,20231103
4호선,성신여대입구(돈암),25,3,6375,1840,19613,8019,46863,16790,51210,43490,39374,29433,31946,24202,32600,32265,35698,29149,35697,30738,36887,34006,39164,33640,42769,41273,49108,51992,49528,67568,32122,54104,28000,36206,29194,33409,27694,30180,12719,20198,1777,5613,1,0,0,0,0,0,20231103
4호선,수유(강북구청),73,4,23925,3143,47724,11482,110910,21123,120221,54078,82554,40180,59028,31882,55308,35575,58760,36662,54762,42671,51023,46993,51357,56599,56270,70699,59392,87677,64224,125316,38432,107312,28846,71694,24174,63922,19761,58922,11030,38359,1708,8770,0,1,0,0,0,0,20231103
4호선,숙대입구(갈월),21,0,3030,699,7899,7621,17960,23050,27375,52291,21179,32621,18315,25289,19330,22398,22338,19499,22735,22031,22915,20149,27590,20801,36044,23955,39878,31634,50000,39569,26472,26091,23131,17016,23965,15917,19489,13840,9428,9474,1124,2023,0,0,0,0,0,0,20231103
4호선,신용산,3,0,1461,1082,4331,13981,12505,37095,18365,90347,15664,65566,15148,32416,19394,30008,20599,31529,25089,32248,23851,30216,32088,32147,42002,34831,64552,40841,92244,46998,46373,27411,39261,15635,41173,11890,28793,8672,12997,4608,1270,1058,0,4,0,0,0,0,20231103
4호선,쌍문,264,18,25222,1263,51950,9329,121467,14943,124489,28777,80296,22009,57948,20513,49465,22676,49706,26502,44175,29202,38177,32522,35583,44081,38063,56673,37592,71178,34609,105101,22315,95904,16673,61675,13046,54939,10137,50787,4610,32706,569,8862,0,21,0,0,0,0,20231103
4호선,이촌(국립중앙박물관),8,3,1246,839,4758,7079,12879,13238,17273,26749,12259,23334,10542,23854,12410,22622,16295,23239,19029,25446,21322,25231,25857,24838,32850,22363,35698,22310,31722,26209,11868,17202,10574,9594,11422,8441,5232,7300,1857,4104,179,1163,0,24,0,0,0,0,20231103
4호선,창동,2341,54,18308,2815,39326,11887,85406,18178,79140,38953,53023,31302,43663,30405,42069,29574,43334,35922,41038,43867,38520,45514,41494,51305,46615,58523,46689,69878,46952,93008,26880,77174,21478,48710,19283,41537,14884,37409,7071,23296,1119,7920,2,232,0,0,0,0,20231103
4호선,총신대입구(이수),125,4,6434,921,17087,9679,47099,18498,58455,42193,40183,29798,31223,24873,29570,25171,31411,27331,32872,31075,30397,33438,30049,39657,32675,47447,36065,57924,42444,76780,25041,48405,23396,30299,18790,26427,16374,22600,7498,13188,884,3162,4,521,0,0,0,0,20231103
4호선,충무로,98,2,3532,3029,6220,23195,12548,57629,21013,171984,26803,102069,30364,66327,32417,54150,33892,50495,40912,50690,47333,43695,54926,39844,67640,41294,102371,45673,148132,48363,70867,29962,55327,21290,52057,21535,39066,19305,22616,13002,4132,3703,0,181,0,0,0,0,20231103
4호선,한성대입구(삼선교),24,0,6757,1203,12558,7895,29924,17616,35458,31726,27042,27537,20905,25201,21410,24251,24542,23611,25433,23409,25827,22340,28510,23401,35071,26863,37384,31601,34603,35815,20472,28867,18317,19603,15396,18488,11405,17291,5337,11128,719,5980,5,1302,0,0,0,0,20231103
4호선,혜화,20,3,3520,2254,7727,23130,18012,50570,21639,119188,27108,96510,33737,76623,39698,71776,44531,85948,47954,103939,63591,85991,91376,69461,102350,66621,115539,76101,125950,81452,79154,55043,80826,23397,103125,21709,85215,18449,30768,11253,3612,3357,1,421,0,0,0,0,20231103
4호선,회현(남대문시장),24,4,1271,732,3313,19779,5627,51255,9543,135874,13311,100667,18253,85078,29823,84018,40439,69687,52828,61653,66193,55283,78109,46379,90572,34306,110054,26336,121732,20577,58407,11687,56453,7086,22339,6644,12445,5696,4643,3671,543,1085,2,107,0,0,0,0,20231103
5호선,강동,116,1,10975,1342,19461,11440,52419,28317,66304,46452,37252,25662,27496,19861,25223,18775,26720,19521,25262,24725,24132,23626,26818,25926,30609,30114,41022,36736,43100,55474,21394,41197,15292,28884,12576,26458,9289,23207,3958,15267,622,6389,0,0,0,0,0,0,20231103
5호선,강일,2,0,2830,1105,8267,5229,26612,5227,23554,8277,15676,4248,12048,3579,9430,3847,9410,6124,8574,5679,7130,6796,8135,9048,10310,9892,9256,13528,9323,18569,3637,17898,2772,10471,1827,10099,1464,8504,418,5640,78,1563,0,0,0,0,0,0,20231103
5호선,개롱,13,1,3769,890,8811,3500,22830,7386,22790,15524,14317,8250,11712,6095,10078,6620,10476,7444,10161,8635,8617,9164,9398,10502,13067,14302,13147,16941,12396,22022,6533,19945,4713,11540,3916,9951,2373,10545,791,5688,104,1880,0,0,0,0,0,0,20231103
5호선,개화산,3,0,4277,311,8472,4602,21145,6861,20409,17416,11766,7312,9039,5822,8340,6254,9184,7236,8301,6459,7725,6632,8308,8140,9654,9358,12998,12395,14520,17009,5879,14914,3668,9251,2964,8997,2600,7940,758,4665,113,1473,0,51,0,0,0,0,20231103
5호선,거여,0,0,6663,687,15904,4004,46315,8893,43077,16899,25321,9709,17920,7741,15186,8004,15355,8427,14642,11930,12360,11131,12678,15545,15147,21306,16026,25249,14952,39212,7676,32927,5597,18038,5014,15486,3430,17125,1019,9337,134,3010,0,0,0,0,0,0,20231103
5호선,고덕,9,0,4291,1616,11386,7839,29956,17585,26720,20669,19109,14148,17052,12885,16919,11180,18025,12020,15674,17441,16932,14458,19832,17153,23494,19185,24568,20148,17335,31616,10413,25974,8104,13909,8295,12773,7955,11869,2031,6538,271,2707,0,214,0,0,0,0,20231103
5호선,공덕,7,2,2066,927,5815,6746,20673,28817,32025,74868,17604,38749,14918,17325,15996,16713,18332,15816,19805,16691,18160,15126,20030,16158,24510,19874,41451,30250,61122,44996,24679,23081,19499,14433,20849,13388,15190,11839,6646,6738,777,1639,0,0,0,0,0,0,20231103
5호선,광나루(장신대),10,0,5663,2307,15300,8301,38776,17657,46531,37826,29304,23780,22140,20929,21882,17750,24640,17873,23334,18741,22538,19329,25832,21156,29330,25155,28949,31209,34179,42678,16415,29887,12987,19223,15585,18034,9719,16686,3307,10322,369,2447,0,0,0,0,0,0,20231103
5호선,광화문(세종문화회관),7,1,1451,1037,3357,28802,9021,78621,13312,256202,11954,128073,16282,64542,23153,63096,28634,55161,38299,56668,48544,47140,62496,39302,82869,38617,127944,41263,210601,45866,82776,21062,66718,9524,66208,7917,40286,5793,13108,3113,1455,737,0,2,0,0,0,0,20231103
5호선,군자(능동),91,1,7710,650,11184,5608,33208,9370,46529,25478,22711,17400,15117,13363,14484,12944,16076,14643,16787,15889,15288,16514,15723,18535,18289,23900,22536,34130,26737,53827,15843,35023,13712,22702,13394,20236,10979,19136,6160,12458,968,5750,0,965,0,0,0,0,20231103
5호선,굽은다리(강동구민회관앞),3,0,7389,613,14241,2947,34549,6474,37098,14700,22126,10568,17256,8778,15698,10025,16028,11179,15546,12604,13897,13338,13502,15014,14317,19608,14293,22815,15430,34515,8741,26825,6731,16905,6738,14223,4155,14428,1640,7501,257,2663,0,0,0,1,0,0,20231103
5호선,길동,6,1,4761,713,9058,4091,21273,7978,26748,17249,16357,13001,14283,9721,13205,10266,14441,11393,14197,11668,12571,13671,13514,14848,14504,18154,16156,21106,16448,26226,8779,20801,6228,12728,5827,10655,4813,9829,1875,5511,382,2396,0,1,0,0,0,0,20231103
5호선,김포공항,5,3,867,3415,3503,10811,14383,16416,17732,20738,10109,13345,10333,15315,12283,15503,13548,15933,15273,16415,18156,15581,20827,15684,20749,16063,24744,17190,27591,14987,19855,8431,15598,4364,14799,2896,12463,1722,4779,1155,210,452,2,6,0,0,0,0,20231103
5호선,까치산,265,10,26994,1659,44283,8797,120670,11596,145647,22004,78997,19371,49726,18759,44552,22031,45397,26047,41020,29158,34367,33470,32344,44773,34714,57250,33314,74174,31912,121241,19697,94704,15356,62368,12671,60381,10887,48172,4761,31455,684,8363,0,461,0,0,0,0,20231103
5호선,답십리,39,1,9645,1238,18863,9005,55014,14028,71824,33377,36405,19439,23738,13429,20686,13729,21971,15240,21585,18856,19302,18197,21365,20778,25864,25707,29915,34572,32800,56461,16445,37825,11688,24800,9234,22179,6995,20617,3074,12129,397,3389,0,4,0,0,0,0,20231103
5호선,동대문역사문화공원(DDP),0,0,215,302,556,2998,1394,9190,2713,27925,2924,11441,2898,4096,2644,3247,2437,3489,2909,3479,3335,3168,3972,3188,6005,3281,11369,3410,19190,3752,7481,2542,4255,2144,3459,2222,2385,2219,1120,1456,168,353,0,0,0,0,0,0,20231103
5호선,둔촌동,4,0,4473,851,9490,13275,23610,10294,25866,19136,17110,12919,13014,10610,12925,10289,13553,11110,13463,13205,13032,12148,14806,15029,20470,17280,21923,21456,19942,29554,10878,20756,8294,10806,7728,11372,5744,9160,2292,5740,238,1378,0,0,0,0,0,0,20231103
5호선,마곡,2,0,2681,6627,8128,17952,24878,17167,25000,50569,14422,32390,11886,14512,12235,12325,12654,13027,13684,13793,14374,13084,18338,13364,29652,15966,37022,19506,41029,27594,18840,20956,13364,11317,11489,9963,7853,9855,3322,5068,408,1979,0,0,0,0,0,0,20231103
5호선,마장,0,0,2585,553,5987,3963,15284,6556,19347,15117,11760,10262,9248,8389,8797,7437,9929,8114,10186,8010,9524,7008,9834,8169,11659,9541,11953,12489,11877,17508,7530,11285,5896,7573,5208,6868,3592,6591,1270,4020,226,1162,0,5,0,0,0,0,20231103
5호선,마천,56,0,7338,337,14826,2781,43673,4541,33873,10822,17866,8281,12062,7273,10912,6624,11810,6890,10131,8792,9133,8084,8453,12936,9847,15560,9507,17988,10210,27428,4555,22793,3415,13018,2661,12930,1686,12005,751,7246,70,2590,0,0,0,0,0,0,20231103
5호선,마포,13,0,2756,1333,8733,7472,26883,20629,36178,68400,21594,33952,17474,17497,17500,17727,18279,16661,19237,17690,18386,16898,20344,18922,23265,22719,37564,33917,56971,47950,22931,30813,23309,17874,25218,15304,15846,12925,6768,7969,787,1984,0,0,0,0,0,0,20231103
5호선,명일,26,0,5765,1465,14323,3612,34781,7066,33929,13812,20042,10090,17709,10307,15737,9830,15780,9522,14323,12681,12804,12197,12677,16057,14994,20157,12998,21206,12565,38344,7744,28389,6526,16359,5343,13656,4732,13843,1685,7747,321,2624,0,27,0,0,0,0,20231103
5호선,목동,6,0,9381,1293,20890,5503,58069,17068,70634,27176,36302,20801,26433,15454,24600,14881,24560,17375,23600,22216,21755,21986,22158,25776,24212,33882,28302,47649,27991,78633,16073,53685,13591,32126,14544,29950,14663,26242,4414,14857,521,4524,0,0,0,0,0,0,20231103
5호선,미사,16,0,8158,740,22136,7154,68046,12445,67496,23784,35431,22408,26470,18505,23952,18624,25851,20982,25589,20504,23071,24961,25806,26398,27370,34232,29095,47977,30371,67449,19169,65211,17185,36129,17617,29535,14479,25552,7116,17822,1405,4857,0,0,0,0,0,0,20231103
5호선,발산,3,0,3899,2551,10366,14116,28034,39042,29982,115182,20861,59042,21292,33961,24959,32140,28281,31800,30423,33124,33806,31053,40866,31151,48197,33956,69877,41218,90901,53245,41622,38398,34813,21891,33648,17935,25960,15444,11177,9077,1274,2886,0,0,0,0,0,0,20231103
5호선,방이,1,0,2559,824,6965,4031,18373,8323,17869,23163,12579,12230,10901,9071,9509,7989,11205,10956,11335,10201,9933,11737,11292,12819,12415,14599,15091,20731,19740,22084,10082,17845,8800,9908,11848,8611,11159,6521,2400,4780,188,1100,0,0,0,0,0,0,20231103
5호선,방화,20,2,5352,16,11448,3919,26218,6040,25676,13953,15583,8200,12518,7069,12576,6932,11955,7638,11744,8839,10039,9890,11107,10872,12503,12857,12394,14905,10131,22360,5321,19761,3928,11989,3076,10916,1935,10672,845,6625,123,2390,0,217,0,0,0,0,20231103
5호선,상일동,61,0,9693,1803,30229,7807,70852,11614,56439,17138,34391,10059,25358,8986,20934,8772,21259,13632,19144,16271,17228,15419,18698,21728,20017,23876,20928,35886,19189,56062,10268,48232,7707,27111,5201,25686,3542,21211,1577,14078,357,6190,2,983,0,0,0,0,20231103
5호선,서대문,13,0,3383,1093,6702,16019,18314,65422,23928,159308,18909,50261,18736,24876,21142,23458,22003,20999,22405,24900,26295,20429,33271,17567,43305,18270,74370,21229,110075,26623,32185,15523,24591,11302,21541,11487,15788,9407,5937,5951,637,1536,1,24,0,0,0,0,20231103
5호선,송정,32,2,3907,1209,8006,4207,18600,6973,21489,11820,14784,8441,11517,7299,10752,7425,10646,7995,9946,8386,9500,8645,9796,10009,11368,12303,12289,14009,13145,18763,7572,15426,5881,10431,4614,9854,3550,9105,1801,5653,181,1804,0,0,0,0,0,0,20231103
5호선,신금호,43,0,3463,487,7255,3292,19720,8715,28139,13454,16152,7965,10253,6002,10084,6316,10373,7346,9530,8647,8783,9523,8752,11306,12171,14302,10056,18319,10634,26747,7428,17541,4927,11466,4113,10331,2833,9159,1112,5458,186,1800,0,1,0,0,0,0,20231103
5호선,신길,62,0,2644,381,4641,1980,15482,4823,23216,13427,11456,5461,7449,2972,5645,3448,5816,3655,5416,4315,4720,4483,5185,5987,6244,7589,8306,11668,12593,19772,4932,12374,3443,9906,4838,9896,3636,9608,1533,6014,170,1585,0,0,0,0,0,0,20231103
5호선,신정(은행정),96,4,13353,814,23282,3707,61517,8769,74705,13086,38147,8353,22340,7846,19127,8414,18865,9658,17324,11588,13745,12978,13628,18055,15130,23698,15997,30065,15311,48514,8264,36443,6287,23789,4996,22916,4055,20722,1692,12669,225,3500,0,0,0,0,0,0,20231103
5호선,아차산(어린이대공원후문),8,0,9441,1445,16971,6185,42253,13307,58244,29059,31830,21809,23100,23281,20794,23367,24709,22671,27378,23415,27223,23279,30770,26888,32587,30798,32337,36545,30785,53595,18375,37106,13569,24544,12251,20826,8050,18089,3431,11158,421,2951,1,0,0,0,0,0,20231103
5호선,애오개,43,0,2580,407,5560,4287,18332,8751,24932,24663,12920,13389,9426,6737,9262,6178,9990,6719,9850,8207,8950,7964,9907,8685,11171,10096,13360,14065,20557,20871,7949,13011,5286,8527,4326,8004,3285,7320,1060,4547,158,2455,1,320,0,0,0,0,20231103
5호선,양평,2,0,2453,847,6775,4526,23406,9283,27203,36187,13166,13308,8782,6147,8264,5579,8718,6055,8887,6518,7931,6535,8651,7365,10924,9420,16833,12822,29679,22312,8543,15389,5608,10812,4388,10008,3347,9285,1564,5486,195,1562,0,0,0,0,0,0,20231103
5호선,여의나루,30,0,1255,1569,2793,11795,5968,38982,9428,72177,6378,35086,5944,27999,8485,28094,11174,33028,13791,39975,19951,45614,27562,52766,38118,57909,64214,61132,83339,54068,55089,26620,59874,14942,54471,9241,38614,5761,14499,2990,739,886,0,0,0,0,0,0,20231103
5호선,여의도,7,0,2438,2997,3788,27679,9813,131103,14305,202039,12426,80152,13806,35813,20826,36153,21662,34883,27010,38527,32789,32482,39828,30099,55027,32550,137508,40774,160919,49828,66975,28209,64962,12092,56255,8775,30120,7025,9943,4302,1069,2343,0,2,0,0,0,0,20231103
5호선,영등포구청,5,0,1088,886,2664,2575,8694,6405,13067,25254,5922,10227,4625,4525,4867,4195,5605,4748,5575,5007,5479,4763,6290,5094,7478,5744,11354,7528,21703,13636,6918,7189,4932,4907,4318,4690,3492,4262,1541,2364,219,622,1,1,0,0,0,0,20231103
5호선,영등포시장,3,0,3086,1032,6093,5035,23134,13723,33299,37012,16309,22992,12258,17600,13016,17635,16357,20990,15718,23930,17078,19669,20815,16885,25102,17806,30963,21223,40533,33453,17880,20961,12917,13045,11167,12903,7975,11658,3568,7659,392,1582,0,0,0,0,0,0,20231103
5호선,오금,16,1,1302,464,3063,2379,7978,9090,8327,20120,6336,6492,5232,3982,5509,3633,5542,3850,5115,3827,5219,4219,6635,4524,7329,5677,9718,6772,13825,8125,4452,6489,3310,3997,2666,3581,2178,3765,783,2643,66,846,0,0,0,0,0,0,20231103
5호선,오목교(목동운동장앞),8,0,5077,1847,15099,8458,49290,27424,55218,62103,32010,49447,25257,31987,26762,31402,30094,31570,30400,35603,31287,34310,34557,36898,41049,43378,49799,54049,64393,73707,34994,47458,37605,27839,29562,24300,23117,20356,7106,12113,875,3132,0,0,0,0,0,0,20231103
5호선,올림픽공원(한국체대),2,0,1232,864,5627,4293,11943,6094,12770,11568,9356,8060,8404,8582,8132,8082,8855,9237,8757,9760,8997,11764,10666,12826,13055,15754,13278,18772,11267,15030,8424,12032,16217,5785,17122,5046,10973,4010,1569,3036,68,703,0,0,0,0,0,0,20231103
5호선,왕십리(성동구청),26,2,2219,405,2029,3194,5623,5905,8410,17501,5035,9493,4836,7027,5640,7293,6198,8062,6331,8371,7447,8623,8288,8462,10226,9783,10788,12158,14512,17132,8862,9270,7754,5652,8278,5158,6990,4467,3030,2731,470,2084,0,227,0,0,0,0,20231103
5호선,우장산,2,1,7560,851,22456,4760,55160,14034,58147,21803,32553,15961,25829,13834,24821,13945,25555,16833,23459,19605,21360,21187,23822,24865,26592,29958,23443,36307,19780,54192,11825,41657,8818,26020,7556,23487,5829,23938,1866,13683,254,3281,0,0,0,0,0,0,20231103
5호선,을지로4가,6,0,590,495,945,6208,2496,17859,3635,43105,3944,18895,4917,12851,6314,12564,7740,11966,9268,10980,10958,10112,12714,8848,15538,8229,27355,7829,38248,8293,14928,4495,10111,2865,8339,2942,5383,2114,2618,1402,360,432,0,0,0,0,0,0,20231103
5호선,장한평,29,0,8048,1693,19004,13635,52719,22999,72932,62677,39760,30026,25535,19767,22502,19130,24525,20102,23957,20719,22861,19979,24585,22744,32289,28753,40959,41125,59537,65019,25107,44228,15149,28347,12280,26550,9480,23230,4195,14331,571,3965,0,103,0,0,0,0,20231103
5호선,종로3가,50,5,1630,470,2378,6255,3681,15096,5938,43016,8175,35909,10077,33130,13492,36720,18914,36612,22297,34920,28446,32180,34412,30213,42059,30157,50157,33254,63379,38336,39422,22823,36938,13956,39661,11120,32649,8647,18528,5467,2256,1651,0,14,0,0,0,0,20231103
5호선,천호(풍납토성),82,4,7824,1817,12150,15428,29960,20180,37435,40102,25238,37591,23732,29830,27010,29836,30733,30418,31984,34341,34250,32933,39143,36251,45519,39452,51353,44758,55210,57214,37106,39295,33630,24629,24763,21328,18345,18394,8648,11250,1366,3482,0,10,0,0,0,0,20231103
5호선,청구,4,0,1774,250,2790,2065,7110,3846,10836,13881,6699,7540,5691,4361,5566,3958,5525,4417,5754,4738,5789,4882,5524,5460,7515,6479,8619,7862,12686,10991,7406,7287,4931,4867,3709,4857,3082,4651,1546,2815,223,731,0,0,0,0,0,0,20231103
5호선,충정로(경기대입구),13,0,1145,206,2329,2049,5820,13301,7941,30395,5007,12793,3841,4763,4591,4565,5433,4217,5426,4914,5772,4734,5855,4172,7280,4836,16556,6442,25222,8788,7835,5800,5060,3895,4414,3921,2873,3530,1164,2474,174,589,0,58,0,0,0,0,20231103
5호선,하남검단산,13,0,3975,18,9313,3038,23494,5509,20252,12094,13179,10770,10835,10166,9699,9336,10196,11203,10542,10065,10556,10227,12941,12705,14323,11556,13911,15070,13430,17304,8188,16930,6699,10558,5783,9563,4242,8384,1040,5586,110,2795,0,0,0,0,0,0,20231103
5호선,하남시청(덕풍?신장),54,1,5538,161,12113,4407,27761,7008,25771,15514,17090,9061,14277,9408,13790,8907,14302,8768,13374,12597,11988,10293,13012,15097,16070,17125,15504,17314,15579,25259,8515,22670,6555,13110,5426,12516,3677,11975,1232,6853,253,3158,0,0,0,0,0,0,20231103
5호선,하남풍산,14,0,2235,302,5427,2275,10676,6801,11909,15642,7517,9863,7143,6077,6876,5995,7170,5511,7072,6647,7139,6146,7952,6674,9711,8464,11601,7863,13641,11714,5583,10361,3965,5675,3809,5323,2174,5245,657,3302,134,1304,0,0,0,0,0,0,20231103
5호선,행당,29,0,4488,733,11942,2631,31073,4939,43287,9534,21987,6621,15368,5507,13407,6310,12973,7779,12064,8880,10428,10356,10674,12658,10598,16040,10762,20503,10029,30839,6288,20692,4969,13541,3640,12808,3071,10926,1085,6518,206,1827,0,0,0,0,0,0,20231103
5호선,화곡,248,1,24355,1618,42721,10205,115253,15331,142462,32806,74570,26693,48116,20565,43903,21140,45014,23718,41933,27893,36006,31684,34405,40308,38326,54366,40258,69897,40727,121088,23174,89593,16930,56923,13699,54258,10901,45495,4625,28635,640,8052,0,0,0,0,0,0,20231103
6호선,고려대(종암),38,1,3930,811,7595,5073,20697,11940,26999,30736,15496,15731,11239,15599,11962,10919,12986,10175,15507,14209,14269,11678,14822,11625,21731,13989,25726,16401,22830,26794,11451,19019,9580,12528,11502,12389,8597,12321,4105,8557,738,2227,0,59,0,0,0,0,20231103
6호선,공덕,184,1,5083,2243,9086,10788,21550,37712,32983,96889,24899,47036,21071,23701,22842,20473,24361,21487,24944,22111,25594,21156,29335,22010,33629,27198,57642,33451,82142,43379,35872,27775,28533,17872,30293,17061,21389,15292,9880,10964,1151,4492,0,113,0,0,0,0,20231103
6호선,광흥창(서강),7,0,3029,1256,7684,5004,20082,14815,26849,32794,17392,20526,13353,12119,13714,9840,15439,10891,13013,11029,13353,11350,14465,12832,15150,13720,21663,17598,28974,24704,14334,18365,10336,11444,9438,10128,6278,9767,2743,5764,335,1694,0,2,0,0,0,0,20231103
6호선,구산,19,0,6052,166,11359,2302,30675,5985,36064,7166,21178,6029,14567,5229,13664,6781,13828,7214,11970,7972,10523,8719,11510,10859,12511,13675,10745,16156,9748,21628,5790,19798,4594,10846,3825,9785,3603,8533,1213,5098,136,1368,0,0,0,0,0,0,20231103
6호선,녹사평(용산구청),25,1,1280,529,2176,4551,4890,8726,7741,16606,6586,8937,5222,7620,5579,8077,6590,9393,7293,10137,7447,10097,9549,11431,12771,11854,15396,13615,19406,15368,13194,10193,11747,6423,12205,5493,10320,4879,5657,3087,591,742,0,0,0,0,0,0,20231103
6호선,대흥(서강대앞),11,0,2538,853,5626,4385,15187,15096,22659,36319,14792,20067,11016,18568,11653,13607,14663,14673,15892,17637,14463,13814,16429,13820,22503,16176,26405,19829,25749,25877,13972,16799,12394,10241,13256,9361,11940,9001,4385,6705,562,1637,0,0,0,0,0,0,20231103
6호선,독바위,2,0,2536,125,4817,926,13875,2050,12423,3586,7175,3276,5089,3702,4532,2909,4771,3302,4334,3341,3684,3587,3902,4308,3874,6084,3455,7322,2903,11835,1707,10375,1159,6069,908,5342,628,5252,241,3233,72,1211,0,0,0,0,0,0,20231103
6호선,돌곶이,32,1,6978,1410,14705,5087,39314,6055,44116,17411,22922,14279,15731,13404,14241,10477,15454,12735,15683,11617,15499,11406,14019,14674,15102,17934,17547,22574,16540,33667,11201,27439,6477,15976,6216,14270,4812,13828,2540,8612,315,2803,0,0,0,0,0,0,20231103
6호선,동묘앞,191,1,4724,1001,4975,4754,9768,7942,15135,22138,11890,18428,11660,17030,13948,17488,17512,17573,17748,19422,20204,18658,23439,17928,26314,16960,25961,15996,23312,18156,12565,13629,9517,9369,7314,9247,5683,8854,2614,8006,373,1973,0,93,0,0,0,0,20231103
6호선,디지털미디어시티,136,1,7003,2793,16818,12434,50624,28280,53707,66798,31250,29537,20025,12374,16901,11846,17480,13634,16713,14462,15163,15240,16097,17650,21444,24575,34952,33406,45592,50441,20299,37094,11994,23287,8840,20860,9918,19312,3221,11817,615,4505,1,5,0,0,0,0,20231103
6호선,마포구청,20,3,6868,1817,14086,7830,40405,13835,54576,34466,34121,19638,22353,14786,20972,14615,22359,18156,21728,19168,20455,17496,21894,21597,24826,23232,29371,29197,37436,42754,19738,32423,14042,20757,12816,18663,11015,18336,4560,11819,645,2853,0,0,0,0,0,0,20231103
6호선,망원,2,0,5888,903,10544,5095,26862,10087,36363,30768,25470,30372,18317,22974,18947,26724,23126,29931,23793,34448,24408,31697,26720,35296,29336,36812,33540,40545,42458,48843,29092,34353,25124,19064,22736,16680,17772,14011,8645,9811,988,2097,0,0,0,0,0,0,20231103
6호선,버티고개,1,0,893,454,1866,1491,5306,2608,7788,5257,5267,3185,4013,2645,3535,2375,3413,2583,3207,3124,3106,3420,3383,3857,3695,4468,4520,5196,6176,6883,3272,5512,2105,3523,1807,3497,1421,3061,584,2089,83,556,0,30,0,0,0,0,20231103
6호선,보문,18,0,3909,1147,7600,4556,21764,9610,32837,19374,17676,10693,11632,7755,10721,7692,12022,8001,11802,9036,10955,8249,11782,9571,14492,11548,14732,15815,17830,24508,9016,17756,7047,12437,6382,12194,5543,12341,2997,8880,565,2601,0,0,0,0,0,0,20231103
6호선,봉화산(서울의료원),16,1,5554,939,15263,2906,47231,5953,39539,13083,20785,8085,15874,6643,13666,6872,13426,8381,12131,10134,10683,10245,10343,13624,11654,16309,12504,21669,11094,31418,5489,29417,4214,17474,3591,14425,2946,14173,1158,8520,142,2888,1,200,0,0,0,0,20231103
6호선,불광,33,1,1752,649,4211,1955,11546,4111,13797,7880,8259,7648,6756,6363,7248,6551,8135,6484,8598,7748,9141,7429,10306,8369,11256,9190,10644,10666,10069,14835,5746,11535,4864,6609,4001,5908,2157,5670,972,3530,130,1089,0,0,1,1,0,0,20231103
6호선,삼각지,3,1,1504,864,3221,6236,8412,14681,13615,27193,10211,12497,8136,9501,9444,9385,10747,9692,12704,10139,12991,9291,14999,9801,18533,10587,23863,12679,29918,16087,13758,10231,11159,7437,11674,6591,9252,7245,5227,4956,628,1266,0,0,0,0,0,0,20231103
6호선,상수,70,1,5503,1187,6934,3224,10222,6765,14060,25418,10301,32395,8178,21381,8809,18844,12275,21846,15116,23695,15413,20599,17543,19027,21759,22217,28198,27707,31496,36090,22531,24504,21217,15610,23462,13166,22757,12087,16714,9479,2674,2587,0,0,0,0,0,0,20231103
6호선,상월곡(한국과학기술연구원),23,1,5470,564,9225,2435,23920,3714,28248,14613,15738,9663,11009,9937,10649,8304,10435,7168,10798,8022,9977,7629,8837,9001,11565,11475,10213,13906,9765,19916,6222,17185,3796,10441,4875,10098,2740,9089,1563,6576,142,1767,0,0,0,0,0,0,20231103
6호선,새절(신사),4,0,11840,762,20519,4611,53198,8526,61528,15562,33543,12331,22489,10017,20404,11664,20672,13012,19508,15768,16989,15277,17046,20241,20587,24294,17604,31281,15602,48402,9951,40111,6450,24010,5454,21018,3861,19626,1832,12517,251,4058,0,9,0,0,0,0,20231103
6호선,석계,1171,4,8768,1849,18933,5370,48511,8319,53282,15957,29990,11774,21834,11024,18982,13285,20178,14339,19335,15727,17092,16291,16524,20978,17254,27651,17677,33882,15852,51784,11664,43044,8246,24964,7152,22739,6447,20244,3838,13111,627,4173,1,11,0,0,0,0,20231103
6호선,신내,0,0,0,0,0,0,0,0,2,0,2,0,1,0,0,0,0,0,0,0,0,0,0,0,2,0,2,0,0,0,1,0,0,0,0,0,0,0,0,0,0,0,0,0,0,0,0,0,20231103
6호선,신당,123,2,5786,1134,5212,7352,7712,14545,12232,35734,10108,21823,8922,13614,10421,12176,12990,12099,12353,12959,12983,10618,14835,10182,19156,12477,23835,15105,26680,21358,16659,20558,14819,11397,14050,9361,18495,9203,7743,9700,1396,2321,1,4,0,0,0,0,20231103
6호선,안암(고대병원앞),11,0,2052,1476,3406,6785,9536,17582,12648,50518,11376,36007,13630,38947,16808,23222,18458,20031,20224,25594,23980,20812,25872,15720,38752,15210,49241,18156,36396,25099,21340,17619,19174,12447,20053,12981,18417,13248,12188,9274,2099,3437,0,95,0,0,0,0,20231103
6호선,약수,3,2,1308,268,1841,2412,4840,5815,7943,15221,6433,9007,5065,5268,5191,5306,5934,5159,5934,5452,5863,5178,6196,6114,7124,6324,9158,8484,12876,9698,6955,5895,5389,3741,5675,3224,4215,2912,2038,1833,383,525,0,0,0,0,0,0,20231103
6호선,역촌,7,0,2510,379,5643,2777,16089,3117,16800,8329,9629,4989,6740,3586,5991,4940,6922,5676,6568,5570,5808,5399,5524,6663,5257,9288,5415,11818,5300,18039,3138,14562,2195,8387,1804,8017,1266,7216,666,5029,61,1349,0,0,0,0,0,0,20231103
6호선,연신내,0,0,0,0,0,0,0,0,5,0,1,0,0,0,1,0,0,0,2,0,2,0,3,0,1,0,2,0,3,0,2,0,1,0,1,0,0,0,0,0,0,0,0,0,0,0,0,0,20231103
6호선,월곡(동덕여대),28,0,7496,874,13678,3776,39851,8034,47567,28851,26454,18865,19146,15629,17807,14711,18549,14223,19339,16101,20701,15699,18566,18245,22285,23774,22871,28536,26561,42386,14314,32685,10288,19518,9343,18303,6310,16994,3174,11012,495,2975,0,0,0,0,0,0,20231103
6호선,월드컵경기장(성산),0,0,976,1336,2874,3687,8395,5669,9267,12047,6115,19082,6632,32495,9534,35426,13839,32694,18056,36232,25373,38401,34575,26584,45224,20896,45124,20429,29183,26278,16836,20600,10791,6011,12000,3978,18974,3223,3201,1621,249,392,0,0,0,0,0,0,20231103
6호선,응암,25,0,12323,1223,26675,6056,70552,9795,86543,17877,47868,14557,31504,14322,28883,15137,29057,18508,27868,19700,23838,22115,22786,29906,24139,36719,23210,48542,22280,76241,14494,59227,10658,38462,8943,32647,6560,29589,2701,19275,355,5654,0,0,1,0,0,0,20231103
6호선,이태원,146,1,11642,1274,10634,8037,10855,11448,14499,28659,12510,25399,10981,19492,12032,17967,14346,21003,16524,22406,18785,21880,22777,22858,28174,26915,33234,31354,40234,37053,30665,32442,26487,25088,26952,22181,25951,19744,18121,15906,2325,5314,0,0,0,0,0,0,20231103
6호선,증산(명지대앞),39,3,8294,556,16324,3426,38500,5409,47306,11130,27820,9606,18408,8365,15724,9684,16694,10525,15694,12359,14045,13276,13313,16475,14114,21165,13613,28321,13224,41191,7636,33825,5766,20706,4503,19666,3639,17255,1627,10262,266,3238,0,0,0,0,0,0,20231103
6호선,창신,12,0,2605,318,5105,2183,14555,5939,16509,5728,8875,3959,5637,3348,4947,3171,5021,3638,4914,3951,4209,3872,4350,4664,6562,5768,5538,7064,5161,9524,3187,7834,2878,4949,1753,4948,1200,4886,631,3040,92,867,0,0,0,0,0,0,20231103
6호선,청구,9,0,1957,554,2779,2734,7324,6890,10226,22049,6872,11105,4931,4557,4964,4090,4628,4164,5290,4884,5210,4276,5547,5146,6696,5819,8178,6676,13774,8164,8838,5308,5503,3804,4188,3576,3512,3404,1740,2006,283,736,0,0,0,0,0,0,20231103
6호선,태릉입구,18,0,4227,882,7127,3308,17761,4118,21503,9900,12127,8185,9415,6177,8955,8946,9969,7675,9084,8659,8535,9788,8738,10020,9938,12377,9463,15937,9769,23851,6105,19372,4993,11466,4363,11081,3737,10008,2117,8042,400,3473,0,2,0,0,0,0,20231103
6호선,한강진,13,0,890,822,1634,9019,3376,20495,5596,39973,4988,28014,4259,22507,5342,22484,8000,23309,10563,30430,13463,24878,19912,25244,28484,26566,41508,26055,46564,27470,29236,12582,24760,4821,21548,3981,26865,3267,4162,2284,455,1783,0,141,0,0,0,0,20231103
6호선,합정,22,2,4108,1531,6255,6624,13751,15787,19955,41474,15693,29251,13260,19260,14851,19512,17518,20821,18844,23997,21198,20964,23304,22967,26252,27085,33825,33270,47826,44859,32451,29252,29894,15770,32191,14098,27533,12913,15263,9352,2247,2360,0,0,0,0,0,0,20231103
6호선,화랑대(서울여대입구),18,0,6971,1117,21995,3622,58289,8306,54903,18469,28879,13287,19279,10146,17608,10112,17950,8886,17967,11020,15971,10443,17748,13029,20775,16765,20593,23510,16632,35721,8842,31506,5938,19441,4995,16904,3782,15622,1543,11181,180,3584,0,33,0,0,0,0,20231103
6호선,효창공원앞,12,0,2732,615,5823,3926,17037,8207,26386,25760,16050,16118,10692,12871,10512,10473,11970,8845,13006,9732,11111,9637,12137,10097,16010,12329,17371,14570,24284,21523,10449,14636,7606,9020,7475,8149,5695,7422,2707,5325,466,1848,1,0,0,0,0,0,20231103
7호선,가산디지털단지,688,7,7463,5849,9935,31118,22783,129888,27018,360504,20124,198162,18917,58344,23359,35832,30065,34954,34789,37315,40648,32071,52922,29467,76628,28253,199625,30916,287494,35753,114278,24451,65571,15789,49215,13443,26724,11835,11499,8372,1461,2895,3,2,0,0,0,0,20231103
7호선,강남구청,21,1,1892,1886,4055,18284,7351,34565,10074,99510,9229,99017,9803,40974,11688,23963,14160,21926,17531,23489,21432,19685,27614,17785,33274,18177,50052,19883,85784,21028,52840,13776,33571,8849,31242,6975,21903,5786,9213,3863,1514,1685,0,0,0,0,0,0,20231103
7호선,건대입구,43,1,4607,1099,5261,8384,13126,19465,19465,40138,16361,28828,14830,27541,16675,22977,18259,24424,20956,27249,23499,24155,28621,23200,32176,24627,41405,30959,36323,40595,26947,26346,28406,16547,24960,13540,21082,11315,11232,6904,1643,3482,0,212,1,1,0,0,20231103
7호선,고속터미널,50,3,1227,2806,3523,21786,11919,37029,19075,50523,25694,37076,26184,30872,28926,27734,29534,25452,30870,29167,32344,26418,40293,22377,44726,22705,58889,24692,53749,25381,37449,16826,40940,10537,35978,9771,27926,5520,10209,3015,639,712,0,2,0,0,0,0,20231103
7호선,공릉(서울과학기술대),17,0,6658,1118,14639,4420,36052,11102,42046,24674,24925,19328,19356,14154,18686,12535,19553,15292,19348,17018,18392,16243,19831,19098,23151,22732,22560,29364,23331,41464,13968,35135,11399,20731,10857,18456,9152,17799,4785,11634,729,3844,0,0,0,0,0,0,20231103
7호선,광명사거리,165,4,19636,6971,28375,11043,70925,16560,80221,24854,44431,23312,31465,23994,30010,26967,31917,28696,31962,31301,31035,32127,31478,36745,36993,42205,37607,51630,32481,74097,21892,56661,15043,32915,11470,28497,8551,23490,3566,14584,526,4058,0,6,0,0,0,0,20231103
7호선,군자(능동),55,0,9618,901,14749,6400,36850,10294,55207,27153,38672,17854,22943,12770,19798,12089,20833,12575,21123,14767,19845,15600,20466,19203,22905,21972,28285,29095,34922,42207,21160,33412,17680,21192,16937,19291,13018,16238,6991,10096,1163,3180,0,29,0,0,0,0,20231103
7호선,남구로,168,7,18214,1767,14858,8913,28889,30805,33787,88353,24078,42161,16910,19470,15095,15068,16466,14141,16218,15476,14770,14222,17114,17485,21290,25060,43316,31739,68968,30688,29114,22145,16152,15612,11448,17002,7323,14486,3592,7515,465,1753,0,1,0,0,0,0,20231103
7호선,남성,20,1,6491,960,14210,3817,38601,6889,55072,16398,34769,12743,21112,11789,18689,12175,19222,12336,18401,13499,15816,14641,15244,18792,16453,21585,15405,28392,15702,43113,9557,31089,7898,20792,7636,18341,5137,16159,2439,10312,362,2877,0,1,0,0,0,0,20231103
7호선,내방,4,0,2477,1569,8041,11471,18596,25105,27909,78464,21644,44623,16988,20596,17200,16251,18157,17737,19282,18398,19944,16986,22022,17841,26373,19105,40659,24676,65659,31846,25530,20524,18423,12950,17325,11712,11825,9493,4478,6332,662,3055,0,242,0,0,0,0,20231103
7호선,노원,57,2,8159,2625,16186,7687,37792,16958,41567,44507,30491,41888,28436,31373,31322,32409,34858,34119,35078,38078,36645,37515,41192,39979,43837,43580,44643,48982,46263,59543,30139,50666,29036,25470,24008,21544,21659,17850,8371,12445,1265,3809,0,3,0,0,0,0,20231103
7호선,논현,27,1,2786,1126,4425,15591,8902,39017,13288,96155,11870,80815,11427,32622,13118,21102,14599,20225,16753,21774,20483,20707,24913,19237,31587,21160,57290,25401,90702,31217,50215,18398,33874,11714,34515,10013,30731,7575,15655,5483,2553,2275,0,0,0,0,0,0,20231103
7호선,대림(구로구청),53,4,12532,783,8242,4002,15386,7242,22242,18205,17665,14190,13724,18929,13620,20230,15491,16579,16976,17052,18047,16146,19010,17087,19747,19917,20626,25367,20547,24304,13790,15651,10854,11469,8786,13497,6690,10224,3539,5056,409,1134,0,1,0,0,0,0,20231103
7호선,도봉산,73,0,5765,1084,17799,5588,48486,9635,41398,17903,22422,20650,14366,19791,13354,16600,14134,15519,13992,15478,14409,14493,16098,16483,18508,19180,15656,23567,13344,36203,6639,37537,4692,23142,3136,20345,2562,17655,860,11421,98,4596,0,111,0,0,0,0,20231103
7호선,뚝섬유원지,12,1,5196,729,10214,4170,22865,7021,30980,13737,21955,10461,13659,9561,11411,11473,12079,14360,12390,18077,13053,20247,15598,24208,19337,29536,22182,40042,25890,59510,25625,54390,45564,19312,30634,15278,19210,12727,8612,6390,800,1739,0,2,0,0,0,0,20231103
7호선,마들,24,1,11105,1337,26108,3307,62878,8315,61236,11674,32906,10504,24072,10178,21710,11201,23096,12783,19536,14336,16759,16371,16810,20241,16235,24815,14171,30682,12941,46044,7807,45852,5593,26468,3916,22839,3133,21220,1385,13338,165,4132,0,0,0,0,0,0,20231103
7호선,먹골,21,0,8010,669,14161,3188,34970,6175,44078,15546,25962,10457,18085,9201,16420,10114,16708,11779,15722,12954,14141,12972,14347,16846,15118,21721,15207,27272,16143,38055,10500,32536,7798,20596,6055,17362,4701,15716,2271,9741,364,2698,0,173,0,0,0,0,20231103
7호선,면목,100,1,13975,898,23468,5697,55415,9127,69769,29670,40888,19199,25940,16301,23038,14270,24720,17868,22969,18634,20233,18959,21422,24042,25848,31625,22965,37868,21560,53067,16298,47652,9912,28437,7944,25309,5796,23371,2632,13454,325,4296,0,0,0,0,0,0,20231103
7호선,반포,1,0,1078,1153,2846,14001,8157,12600,11409,18838,8685,16017,7010,10134,7061,9795,8833,9796,8722,10072,9729,9144,12155,9293,19705,9786,18303,10335,17874,12348,12148,7688,9866,5135,10162,4440,6664,3980,2326,2364,280,712,0,0,0,0,0,0,20231103
7호선,보라매,20,0,4057,892,6956,2865,17008,8295,24643,20393,15361,10315,9838,7862,9346,8273,10001,9440,10073,8936,10140,8906,10019,9850,11983,12577,13618,16818,17651,23807,7986,17754,7116,11196,5988,10157,5356,8988,2062,5945,332,2082,0,13,0,0,0,0,20231103
7호선,사가정,15,0,11889,1664,23412,7289,54646,11822,68973,25524,42409,18051,28085,16385,25138,16288,26409,18584,24323,19441,22001,22027,21753,27561,24251,34271,25069,43427,25169,63052,18244,51479,12629,31098,10168,28021,8359,23794,4451,13103,639,4175,0,0,1,0,0,0,20231103
7호선,상도,3,1,5601,1462,12839,5107,34235,8720,43413,23562,29101,17324,19228,18216,17104,15587,18714,15911,18502,15613,17863,17761,19018,17874,20909,21096,23094,27471,22733,43312,12939,29222,11533,20509,12233,17753,9244,16965,5549,11661,1022,2971,0,0,0,0,0,0,20231103
7호선,상동,0,0,0,0,0,0,0,0,0,0,0,0,0,0,0,0,0,0,0,0,0,0,0,0,1,0,0,0,1,0,0,0,0,0,0,0,0,0,0,0,0,0,0,0,0,0,0,0,20231103
7호선,상봉(시외버스터미널),492,16,11336,1486,20516,8619,53134,13028,70892,26910,38193,19181,24026,16263,22147,17101,24554,18671,24229,19832,22751,20178,23735,24357,27231,30588,29685,40354,31927,63582,23335,52782,17544,31935,16240,26826,12506,25527,7011,16236,1137,6859,1,35,0,0,0,0,20231103
7호선,수락산,89,1,9726,815,21343,5476,46660,8905,47322,17518,29899,16858,22357,17120,20145,16389,21283,17300,21156,16252,20966,16045,21377,19895,21574,24827,20461,29825,19064,41233,11918,41053,8159,24854,6216,21211,4190,18631,2086,11863,251,4228,0,3,0,0,0,0,20231103
7호선,숭실대입구(살피재),14,0,6339,945,13006,4220,37711,8532,48576,33386,32225,22377,22401,33394,20879,24135,20693,18306,23038,23053,24398,22684,23802,21572,33341,26104,34270,32895,25291,49126,15946,35593,14979,23326,16037,21387,13657,20524,7668,13950,1290,3881,0,1,0,0,0,0,20231103
7호선,신대방삼거리,60,1,10690,846,18913,4640,51291,8979,72247,17465,43225,14822,26247,13075,22500,13430,23555,15451,21459,17097,19191,18456,18611,22625,21075,27727,19677,37126,20620,60003,11698,44607,9718,27740,8491,26320,6829,22340,3480,14457,585,4908,0,1,0,0,0,0,20231103
7호선,신풍,272,1,14886,1915,15425,6627,38238,11195,47961,20004,29057,13048,18526,11434,16824,11196,17370,11600,16039,12579,14599,13383,15720,16553,18094,20478,17450,28775,17895,39726,10341,28227,7472,18335,6133,17067,4727,14658,2276,8512,369,2612,2,423,0,0,0,0,20231103
7호선,어린이대공원(세종대),25,2,3595,896,8061,7518,20057,16893,32838,67920,24117,41759,18512,46276,20430,37405,22629,29910,27086,35438,32186,30266,35667,23794,44518,23844,55272,26394,50891,33278,28367,25169,20990,16913,21637,15954,18012,15684,10050,11425,1921,2837,0,1,0,0,0,0,20231103
7호선,온수(성공회대입구),160,1,8357,817,18093,3648,44200,10344,50096,19919,23616,14027,14028,7940,12651,8124,13338,9227,12044,10125,11161,10244,12769,12565,18210,15184,16330,22750,14241,38062,6373,29680,4983,17851,5007,14870,2887,13798,1794,9200,251,5019,2,923,0,0,0,0,20231103
7호선,용마산(용마폭포공원),11,1,4766,693,10751,2301,23213,4177,28313,10546,16225,7448,10416,7547,8936,5951,9047,7098,9135,8147,7679,8296,7943,9986,9279,12342,8361,14917,8280,21592,5394,17936,3250,11347,2453,10719,1863,9354,1053,5818,135,1887,0,0,0,0,0,0,20231103
7호선,이수,26,0,5122,1293,9450,8769,27139,14412,42276,39857,29494,27185,20579,20810,20107,19355,22406,19839,24046,22206,23987,21972,25055,24575,27793,29257,32396,38819,41564,54673,25214,36413,23230,21089,24856,17430,21674,14691,11557,9352,1678,2849,0,34,0,0,0,0,20231103
7호선,장승배기,27,1,6089,2131,11259,7501,26229,7725,38970,15875,24931,12000,15956,10083,14545,10180,14858,10855,14712,12526,13362,12375,13294,14928,15652,17926,15964,22387,15079,32424,8306,23024,6796,14907,6818,13729,5116,12217,2048,8137,391,2504,0,0,0,0,0,0,20231103
7호선,장암,2,2,2113,177,7763,1675,18980,1357,10784,1724,4669,2262,2788,2644,2408,3034,2838,2843,3072,2005,3871,1648,4093,1663,4490,2042,4211,2499,3249,3926,1875,3610,1299,2118,764,1157,446,1103,151,653,16,231,0,0,0,0,0,0,20231103
7호선,중계,11,1,9716,2037,24952,5070,61490,16035,62577,28111,36964,16332,26821,12851,22927,14277,25335,15155,23047,16162,20748,16884,20330,19771,22721,23381,22347,32081,18292,46237,10377,46855,8086,26848,8695,23754,6469,20646,2580,12875,376,3807,0,0,0,0,0,0,20231103
7호선,중곡,6,0,6548,621,13060,4344,31064,16070,43292,29299,28623,14718,18394,10308,15885,9206,16188,10146,15242,11838,14220,12105,14496,15899,20794,18588,21538,23699,23469,33299,12607,27606,8137,17843,7279,16402,5354,14045,1888,8254,279,2533,0,0,0,0,0,0,20231103
7호선,중화,73,0,8977,1209,15876,5768,36624,8592,45329,21703,26810,11214,17129,9814,16396,9825,16597,11169,15584,11985,13763,13195,13646,17121,16734,20581,17865,25612,18361,36219,11547,32658,7634,20435,6192,17883,4809,16847,2099,9615,305,2708,0,112,0,0,0,0,20231103
7호선,천왕,33,2,8443,946,18555,5382,51949,9143,57662,16608,32211,8638,19763,7638,16360,8742,16149,11418,14777,12192,13662,13657,13282,16865,16047,22201,15317,29582,14287,45827,7451,37059,5343,21865,4282,18415,3111,16284,1277,10132,199,2803,3,150,0,0,0,0,20231103
7호선,철산,31,3,10783,5041,30425,11419,83388,16275,83967,32441,50138,26369,34152,20967,30637,20110,30918,22000,29146,24799,26400,26611,27409,32245,31771,41099,35189,59353,36672,88473,21161,68884,18040,39591,16734,35360,14175,31313,6993,19006,1014,5267,0,0,0,0,0,0,20231103
7호선,청담,40,2,2565,4514,6667,32232,11351,61140,15571,136164,13857,88560,13432,36192,16193,23088,19270,22151,20329,23391,23620,21904,31219,19658,45560,19814,67712,21414,104681,22371,52064,15317,31497,10129,30464,9245,22116,6685,5653,3985,748,2757,0,0,0,0,0,0,20231103
7호선,태릉입구,141,2,8455,1423,9121,4884,22196,8580,27047,20230,18096,15005,13779,10741,12911,13123,14880,11262,14868,11901,15209,12340,17138,13027,18444,15846,20334,19412,20510,25773,12589,22837,9386,14576,8456,13120,6869,12523,3054,7677,493,3471,2,1053,0,0,0,0,20231103
7호선,하계,79,3,8623,1631,26143,7121,66518,16458,70056,28611,42200,22910,31788,17640,29839,18272,30685,22607,28331,26104,27268,24567,30554,27123,33534,31212,32663,39391,26174,57289,14730,53358,13277,31362,10940,27580,8315,25659,3566,17699,462,4979,0,0,0,0,0,0,20231103
7호선,학동,7,0,1932,1452,4691,23865,8783,52539,11454,166517,11485,131160,11689,54433,14549,28078,18911,22950,21720,28240,26911,23592,34250,19491,45099,20168,81552,21130,149644,20988,73005,13043,38053,8554,32994,7323,23180,5584,9266,3549,1472,1197,0,0,0,0,0,0,20231103
8호선,가락시장,160,0,3202,2477,5880,6876,11395,13864,13078,36639,10889,16015,10336,11860,10921,11487,11107,12003,12219,12327,13360,12081,14785,12251,14997,15333,19812,17128,25827,21458,11951,15155,11015,9651,10735,8893,8806,6746,4078,4118,819,2285,3,414,0,0,0,0,20231103
8호선,강동구청,15,1,5144,910,11795,5567,31091,13716,39799,30721,24657,14678,16313,10834,14738,10280,14932,11869,14896,14040,14065,13750,14528,16137,16620,19378,19394,23791,24906,35517,10189,25583,7668,16618,6713,15386,4566,13222,1850,7173,285,2105,0,2,0,0,0,0,20231103
8호선,남위례,9,0,1640,983,6377,3270,21034,7864,24666,23509,13883,10926,9918,7235,8659,6584,10058,7610,9761,8667,9362,8582,10877,10111,13238,13058,16166,16928,18116,24540,8182,19330,6811,10899,6493,9862,5283,9265,2390,5846,650,1625,0,1,0,0,0,0,20231103
8호선,남한산성입구(성남법원.검찰청),92,7,11550,1653,21484,5120,51928,11564,64827,27716,33831,26952,22994,15509,21326,11834,22430,14808,20156,16186,18830,14643,21591,18347,25019,23841,25039,29538,21760,46002,10658,35405,7810,23345,6157,22558,4920,19840,1780,11019,269,3893,0,0,0,0,0,0,20231103
8호선,단대오거리,38,1,10509,1626,19531,5872,47369,11089,53709,21604,28909,11852,19746,9266,17298,9848,18440,11282,17232,12369,15254,14111,15869,18545,18465,23859,21187,30290,22168,47123,10730,36431,7809,22125,6443,20393,4114,19574,1841,10907,398,3455,0,32,0,0,0,0,20231103
8호선,모란,14,0,2703,582,3152,3591,8562,5467,10892,11425,7289,8425,6673,8305,8354,8256,9961,8601,11308,7983,11349,7389,12556,7885,17076,8247,14950,8635,12602,10959,6894,6588,5009,4307,4735,4082,3534,3518,2308,2211,558,1280,0,270,1,0,0,0,20231103
8호선,몽촌토성(평화의문),0,0,1699,2564,4320,7755,12150,10757,19316,24791,12554,16461,8836,11020,8684,10628,9762,10219,9820,10858,12014,10281,13097,10535,18483,11710,19878,13227,22598,17061,10052,13893,7524,7958,8193,7997,5987,6646,2728,3761,433,1153,0,0,0,0,0,0,20231103
8호선,문정,3,0,2483,3558,7743,13524,23625,52485,32049,155590,19941,72402,16750,26909,17953,18615,19998,17902,22811,21253,25750,19133,28159,19449,33581,21610,80184,25882,114536,36555,39494,25499,27148,15389,22007,14273,16843,12228,6396,7061,1036,1591,1,0,0,0,0,0,20231103
8호선,복정,59,0,4004,1998,10426,8327,27624,11085,36329,17227,22345,12935,14279,9632,11601,7503,13835,9081,12373,8802,11556,8856,12920,10998,17183,14848,22236,20844,22603,28517,12992,20533,8999,13691,7338,12234,5954,11240,2391,5173,376,1115,0,0,0,0,0,0,20231103
8호선,산성,36,0,4177,554,8535,3066,21506,3076,25437,8411,13597,6954,9219,6554,8208,5561,8214,6018,8176,6369,7309,6984,8727,8468,9569,10644,8932,13632,7176,21276,3693,16875,2440,11079,2031,10461,1264,9399,538,4820,88,1820,0,0,0,0,0,0,20231103
8호선,석촌,0,0,2714,860,5916,4081,15979,8143,23747,20195,14026,18724,10670,13449,10669,13502,11747,14934,11922,15436,11877,15516,13012,16268,14455,17114,16812,22909,19026,29987,11562,19435,10483,12418,10721,10077,8439,9052,3429,5321,498,2013,0,45,0,0,0,0,20231103
8호선,송파,19,1,3220,761,9347,6764,29311,10477,35673,19023,22934,10495,16771,8755,15066,8826,14533,10048,14366,11966,12832,13206,14293,14984,16542,18027,15500,22747,17095,31019,9372,24175,6857,14116,5142,13023,4390,11771,1773,6176,250,1802,0,135,0,0,0,0,20231103
8호선,수진,10,0,4339,567,6934,3175,15095,5471,21698,11037,12596,6398,8850,6286,9083,6799,9980,6209,9224,7914,8324,7872,9759,8295,12317,10144,9585,11262,8094,16387,4803,12108,3862,8164,3308,7759,2276,6801,909,4485,194,1114,0,179,0,0,0,0,20231103
8호선,신흥,1,0,3913,459,7102,1974,17017,3491,21798,6640,11565,4395,8110,4819,7453,5542,7632,7225,7349,9338,7315,8911,8421,10003,9966,11995,9319,13987,8281,19838,4908,15871,3860,10046,2811,8759,1901,7931,879,4711,146,1193,1,157,0,0,0,0,20231103
8호선,암사,39,0,15481,724,29257,5135,79210,9451,99539,18022,52086,14124,31101,12729,26312,14832,27438,16974,25575,19291,21761,22137,20779,27160,22035,35023,23670,46610,22125,70682,13545,56512,10699,34183,8014,28467,6345,27702,2210,15299,368,3805,0,570,0,0,0,0,20231103
8호선,잠실(송파구청),7,1,1365,2597,4244,12664,8800,32751,12789,78031,10258,47301,10442,32863,13478,35186,16977,33313,20364,34777,26132,32422,33234,32371,39044,34501,49659,39182,67817,42600,41071,21869,39111,12559,35215,9127,24945,6807,8392,3990,1232,1367,0,65,0,0,0,0,20231103
8호선,장지,6,0,5809,2861,17498,11444,47164,26075,55481,42952,33309,29082,22892,20014,20245,20475,21387,20957,23033,21160,22748,23352,26067,25747,32119,28124,43447,34988,46605,49985,24751,33634,22481,21412,16601,17582,9161,16000,3224,9052,448,2013,0,0,0,0,0,0,20231103
8호선,천호(풍납토성),100,3,10525,1564,16509,12340,40941,14657,54921,28259,32522,24022,20385,19079,19967,19913,21603,21287,21741,23792,21211,25536,23032,29594,26119,34095,30337,45905,31186,66612,20078,44520,17143,27834,12844,24260,8982,20545,4389,11849,858,3785,1,203,0,0,0,0,20231103
9호선,가양,85,0,16444,1829,29030,9026,76942,28803,76869,52012,46091,30840,35533,21494,33556,20965,36144,24355,32636,25970,30232,28352,31154,33146,36292,37266,43873,50101,49998,69588,23518,63530,18888,39806,14051,35208,10041,30690,4159,20174,516,5346,1,121,0,0,0,0,20231103
9호선,개화,21,14,2082,184,7447,2984,16394,3662,10122,5157,4218,3271,2949,2289,2803,2738,2491,2207,2634,2511,3050,2362,3441,2506,4693,2851,6348,3403,6357,6160,2888,6068,2020,2968,1873,2492,631,1772,322,1175,67,443,1,41,8,6,0,3,20231103
9호선,고속터미널,26,0,2696,1454,5926,16376,18400,22279,23998,30616,20872,33431,19555,38322,21856,40682,25600,43369,28313,41687,31676,48326,36646,48116,40344,52908,41556,57128,42201,59575,36174,41300,36940,27728,27893,25279,21402,21621,8211,10314,795,1494,0,0,0,0,0,0,20231103
9호선,공항시장,7,0,3699,187,4494,1294,9275,2116,11203,4269,6520,3493,5508,3336,4866,3498,5315,4250,4864,3966,4606,4617,4466,5500,4771,6587,5253,8295,4556,11161,2813,9253,2513,6169,1928,6324,1436,5640,863,3882,148,1161,0,7,0,0,0,0,20231103
9호선,구반포,2,0,258,182,562,1909,1315,2413,1762,3802,1144,3289,1044,1455,1268,1382,1466,1747,1496,1821,1930,1715,2128,1487,3040,1823,3794,2113,4104,2496,1969,1510,1702,965,1306,756,1015,666,236,451,35,183,0,0,0,0,0,0,20231103
9호선,국회의사당,7,0,912,1950,2027,10123,4694,45364,7414,143323,7777,66716,9751,27506,12509,20936,16429,19548,18488,24846,23965,18689,27955,11575,35449,12105,70378,12739,95936,13100,37241,8039,24953,5266,26727,4733,16384,3957,5550,2601,913,762,0,0,0,0,0,0,20231103
9호선,김포공항,14,2,785,2302,2678,15195,9626,17963,10746,20546,7291,18091,8351,20492,10404,20309,11744,22076,13070,21986,15309,23026,18891,21561,16461,24282,18005,28497,20337,25592,16113,14360,12885,6461,11958,3772,10112,2877,3889,2152,81,1295,0,28,0,0,0,0,20231103
9호선,노들,7,0,4068,232,5903,1551,17744,2429,21755,4185,12567,3957,9312,3753,7219,4389,7719,5165,7557,5891,6716,8149,6237,9260,7342,12503,7891,15764,8486,19984,6361,14283,10358,8113,8192,7167,3538,6488,1318,4296,169,946,0,1,0,0,0,0,20231103
9호선,노량진,532,2,17783,2055,25520,13442,65045,38664,89425,62309,52023,40856,34606,25690,32877,29707,37884,33383,42147,37085,36447,34706,36591,37270,41420,48441,49788,66419,53614,95553,33358,61305,35628,43542,40835,40799,42760,38797,15207,23567,1217,5435,0,1,0,0,0,0,20231103
9호선,당산,107,0,9917,1602,18199,7235,52600,16131,60429,44504,38023,24667,28499,18118,27192,18378,29427,20504,28014,23576,25970,23200,26124,28103,29249,32660,38158,48780,48370,67206,25520,51852,21710,35538,20206,34471,16391,32275,8324,20257,1255,4851,0,206,0,0,0,0,20231103
9호선,동작(현충원),32,2,1194,345,1549,2001,4318,2049,5214,3901,3285,3646,3116,3625,3959,3021,4494,3235,4106,3413,4666,3003,4217,2978,5116,2787,4670,3358,4340,4306,2084,2937,1899,1994,1943,1887,1372,1837,644,1546,75,898,1,250,0,0,0,0,20231103
9호선,등촌,14,0,6428,843,16551,3358,45921,8014,53398,17325,26722,13083,19310,11098,18708,11577,18532,12377,17057,14135,16127,14449,15396,18028,16446,22234,17640,29635,18326,44427,9450,35514,7249,20890,5747,19426,4326,14838,2191,9941,357,2822,0,0,0,0,0,0,20231103
9호선,마곡나루(서울식물원),30,0,5072,1594,10462,12481,29731,20992,30154,52696,16976,23840,12781,15347,13809,14016,16217,13819,17012,16797,16955,14937,19933,17574,25007,19009,42878,25518,47109,38815,22797,30544,18754,18004,17218,17437,13910,15236,6739,9985,855,3547,0,118,0,0,0,0,20231103
9호선,사평,1,0,996,252,3217,1755,12133,5060,13577,8282,8886,3952,6537,3799,5891,3593,6839,4825,6436,6341,5530,5729,6320,7211,8212,7416,7864,9147,8414,12883,4829,8664,3349,6345,2359,5667,1992,5317,623,2656,124,754,0,1,0,0,0,0,20231103
9호선,샛강,16,0,1170,1038,2498,3962,5236,16819,6526,35489,5434,14582,5508,9378,6604,7762,7373,8082,8234,8629,9078,7145,10026,8765,12509,8874,21172,11533,30052,14722,12321,9018,13477,4598,16645,3890,11364,3479,4579,1959,715,790,0,3,0,0,0,0,20231103
9호선,선유도,0,0,2295,1285,6373,4436,21295,14085,26635,39922,13259,19979,10197,8178,9504,8394,10719,8601,9927,8686,9852,10000,10917,9362,13778,10849,25662,14809,37196,21874,13635,16355,8425,9623,6525,9625,4912,8479,2024,5540,273,1621,0,0,0,0,0,0,20231103
9호선,신논현,60,0,4474,1416,12622,14508,31147,35548,41139,80999,32705,94212,29421,53447,34513,41657,40274,44439,44153,46147,47059,47658,53339,44616,65096,52146,82782,70505,103177,90852,73862,56658,57621,34144,61315,31836,53039,25036,27082,14274,3943,3426,0,362,0,0,0,0,20231103
9호선,신목동,1,0,2589,380,6369,1957,20379,3995,19848,5424,10051,3169,7349,3458,6795,2909,6174,3710,5568,4752,5302,4669,5086,5865,6588,6902,7148,9245,5770,14735,2955,11954,2138,7477,1783,6919,1741,6317,688,3391,138,1165,0,24,0,0,0,0,20231103
9호선,신반포,3,0,734,525,2463,7202,7172,9108,10087,10848,6506,7368,5543,5867,5052,5044,5949,5147,6571,6486,6275,7142,8916,6320,12572,7750,12252,8829,10294,11055,6071,8983,5541,4594,5792,4084,3645,3840,1055,2357,140,541,0,0,0,0,0,0,20231103
9호선,신방화,0,0,4973,601,12016,2430,27807,5022,27463,11580,15214,7108,11958,6222,11108,7249,11418,7439,10729,7913,9342,10038,9662,10350,10650,14522,9864,16769,10093,23898,6117,20647,4548,13956,3510,10906,2566,10528,1017,6941,194,2137,0,1,0,0,0,0,20231103
9호선,양천향교,3,1,4706,1279,10848,10426,29845,12485,31368,38093,16467,16165,12711,11310,13000,8828,14840,9544,13846,11403,13188,10163,14398,12314,18927,13156,23836,18486,31757,28650,11740,26053,8296,15560,7058,15408,4817,14801,2269,9730,347,3102,0,5,0,0,0,0,20231103
9호선,여의도,23,0,2989,2652,4542,25793,8967,131199,11120,160268,12183,77145,15237,36292,22105,35669,24296,37280,30050,38625,33964,34219,43765,31787,62243,31607,147702,36751,145259,35517,73576,20636,65815,9864,51013,8665,28557,7786,9543,4505,1174,1978,0,206,0,1,0,0,20231103
9호선,염창,27,0,12890,746,28175,4731,77494,8546,83846,20572,47630,12720,30926,11711,27059,12365,27164,14173,24171,17386,20691,19744,19896,24392,21583,32946,23707,45300,25047,73082,13966,61852,11322,39302,9494,35825,7088,33107,3132,21848,441,5711,4,699,0,1,0,0,20231103
9호선,증미,4,0,2768,536,7800,3029,22802,10677,24292,42080,12963,16448,9312,6576,8953,6058,9035,6157,9251,6415,8061,7599,8340,7309,9942,9921,20766,12852,33730,19849,9874,15376,5648,9195,4298,8310,2362,7477,1094,5105,196,1383,1,0,0,0,0,0,20231103
9호선,흑석(중앙대입구),11,0,3631,1013,6530,4963,18953,11602,23214,26056,16105,18339,13504,16332,13920,14321,16035,15188,16645,14823,16905,15759,19863,13298,21913,17460,25731,22038,20133,29532,12249,20846,11811,13544,11540,12305,10021,11382,5387,7425,951,1841,0,5,0,0,0,0,20231103
9호선(연장),둔촌오륜,0,0,422,317,1240,2117,3204,3254,3671,2668,2580,1606,1665,1218,1482,1250,1726,1263,1771,1075,1510,1241,2407,1357,3942,1728,2454,2272,1941,3217,889,2170,799,1678,1373,1364,943,1358,260,792,39,284,0,26,0,0,0,0,20231103
9호선(연장),봉은사,3,0,1817,2120,5345,14579,9119,42521,10773,114998,10264,81533,12018,48911,18148,41138,23729,39752,30436,41280,36722,33992,43329,30334,57081,29074,80569,29047,107885,27212,52564,16320,38734,10050,33782,8598,20924,6396,5823,3824,809,785,0,0,0,0,0,0,20231103
9호선(연장),삼성중앙,0,0,1054,668,3177,4442,6074,17186,7917,42727,6624,34768,6463,12303,6787,8767,8535,8019,9493,7942,9728,8577,10822,7079,14760,9312,26271,10377,39648,13067,18440,8695,11000,5230,9307,4947,5987,4257,2476,2778,448,743,0,0,0,0,0,0,20231103
9호선(연장),삼전,16,0,4446,543,7457,2647,22384,4291,34783,11247,22277,7731,12521,5946,10632,6285,11183,7479,10738,8486,9600,8179,9123,10235,10190,12978,11679,18261,13768,27473,7350,22058,5678,13547,5228,13048,3863,11617,1789,7838,238,2223,0,264,0,0,0,0,20231103
9호선(연장),석촌,0,0,3326,434,9701,2748,23430,5584,32104,12434,23844,11895,14630,9580,13290,9187,14718,11429,14763,11616,13893,12076,14704,13070,16594,14842,17673,21128,18797,32805,11900,24083,10463,15749,10743,14940,8876,13952,3730,7939,519,2349,0,3,0,0,0,0,20231103
9호선(연장),석촌고분,2,0,3149,492,6655,2503,18225,4953,29876,14556,18777,10373,11166,6323,10088,6534,10485,7439,10191,7900,9109,9258,9038,9141,10546,12459,12167,15888,15305,23715,7187,19847,5702,12311,5316,11763,4232,10258,1504,6690,187,1931,0,1,0,0,0,0,20231103
9호선(연장),선정릉,2,0,1182,1278,3948,7341,8531,19221,10409,57920,8787,44325,7463,20989,8417,12996,10708,12262,11619,14112,12920,11323,13729,11173,18214,11282,33275,13676,52033,15080,28301,11063,15472,8233,12849,7691,9889,7088,3782,4067,638,1208,0,1,0,0,0,0,20231103
9호선(연장),송파나루,2,1,2075,349,4423,1692,13093,4506,18990,11679,11671,6991,7662,6184,6390,6893,7339,8623,8215,8023,7658,8116,7864,9316,8725,10420,10170,15213,12979,23665,7373,15758,6717,9083,7194,7720,5641,6645,2258,3847,377,1436,0,1,0,0,0,0,20231103
9호선(연장),언주,1,0,1231,1305,2816,11735,7089,22399,9997,63632,9845,50082,10315,22519,11535,14237,14681,12341,13781,15086,15843,12778,19416,12418,26502,12836,40441,12675,57352,14765,28855,10160,16174,7055,12297,7026,8769,5621,3405,3683,477,1055,0,45,0,0,0,0,20231103
9호선(연장),올림픽공원(한국체대),1,0,2386,733,7023,6250,17060,7423,20472,19279,13869,14723,9577,16039,10427,20402,12230,18675,12494,22320,13449,23904,16774,29238,22279,38241,24381,40246,22954,33004,18084,27287,34518,12517,38880,10776,27451,10875,3332,6427,194,1797,0,7,0,0,0,0,20231103
9호선(연장),종합운동장,1,0,1203,220,3494,1997,9193,5415,11435,12240,9004,8990,6371,5515,6512,5777,7434,6580,7694,7625,6966,7059,7236,7006,9244,8569,11732,11974,12653,16144,8120,11020,7610,6880,7530,6836,5602,5739,2814,3705,423,757,0,4,0,0,0,0,20231103
9호선(연장),중앙보훈병원,3,0,4021,880,17014,10563,46353,13902,46792,19829,29369,15534,20813,15098,19427,10720,17736,11514,14542,13963,17712,14735,20368,12671,22392,13843,22091,21145,15773,36972,7024,26291,5108,18544,4136,16784,2895,15741,938,8193,130,1833,0,182,0,0,0,0,20231103
9호선(연장),한성백제,0,0,1095,265,3211,1314,7637,2520,10529,6337,6490,5207,4413,4087,3962,3896,4970,3874,5099,4799,5515,4084,6093,4743,6605,5202,7462,6455,8575,8214,3579,7421,3075,3784,3069,3634,2204,3530,720,2396,76,821,0,0,0,0,0,0,20231103
